29485	1086	Main Office	16765338-DBE4-4421-B5E9-3836B9278E63	2024-10-03 11:57:39.000
29486	621	Main Office	22B3E910-14AF-4ED5-8B4D-23BBE757414D	2024-12-27 19:58:47.000
29489	1069	Main Office	A095C88B-D7E6-4178-A078-2ECA44214801	2024-12-19 13:13:59.000
29490	887	Main Office	F12E1702-D897-4035-B614-0FE2C72168A9	2024-09-01 03:54:06.000
29492	618	Main Office	5B3B3EB2-3F43-47ED-A20C-23697DABF23B	2024-02-03 15:57:35.000
29494	537	Main Office	492D92B6-31AF-47EA-8E00-7C11C7CCC20D	2024-09-25 15:58:49.000
29496	1072	Main Office	0A66B0F3-24BC-4148-9661-26E935CEC99A	2024-02-23 03:22:20.000
29497	889	Main Office	7E0B56FD-7324-4898-BEDB-2F56A843BB0F	2024-01-26 20:30:32.000
29499	527	Main Office	C90CB0C3-976A-4075-A2B9-13136F4F1A92	2024-02-11 06:01:46.000
29502	893	Main Office	8ACB1C6A-7CDF-417B-AFD5-9F4C642F3C7E	2024-04-10 02:40:16.000
29503	32	Shipping	BE00FFC6-194B-44E9-A129-DFBEB8F1301F	2024-09-17 17:26:17.000
29503	541	Main Office	6811DBE3-1F02-440C-932E-A54F403B3E51	2024-03-23 11:16:23.000
29505	1083	Main Office	740A06AF-77F1-45CA-B284-38537324F86A	2024-01-20 01:56:42.000
29506	1082	Main Office	DD51A14D-45F5-44E9-BF3B-260F0E08E545	2024-10-02 00:06:27.000
29508	619	Main Office	2DD326F6-02DA-44B7-96FB-B3A86067C5EE	2024-06-25 01:25:50.000
29510	540	Main Office	AF6DCC27-DCCB-40DE-9445-3F4990AABD28	2024-07-27 07:12:21.000
29511	1046	Main Office	61CB8C51-7C96-4306-8050-56C90504972B	2024-11-09 17:17:15.000
29515	504	Main Office	A5F1A232-3CCE-4149-9892-DE9895BC0F07	2024-05-02 07:29:34.000
29517	794	Main Office	DB4D3044-7BF4-4D65-B48E-3FF927A842F0	2024-09-14 19:23:42.000
29521	1054	Main Office	C0F708C3-9147-44C4-B6CB-FD5B765343C0	2024-01-25 09:59:48.000
29522	1040	Main Office	997006D9-674C-4153-86D0-2EFA7E1FEBF4	2024-10-07 20:09:33.000
29523	593	Main Office	15D1E8B0-E626-465C-A565-98500B56C077	2024-11-24 08:29:37.000
29524	599	Main Office	75724647-82A0-49C5-A841-F991BBAEBE18	2024-05-01 04:52:26.000
29525	1049	Main Office	E1E5AF17-D958-4A88-B537-444F2BE24538	2024-10-31 05:22:49.000
29527	512	Main Office	DECEF565-C5D1-4396-A45F-27C635833B31	2024-09-26 02:36:27.000
29528	788	Main Office	65C98567-6A79-44F0-BE71-264547362402	2024-10-07 14:16:38.000
29530	495	Main Office	2A12A463-DCA0-480F-83D6-AB58A43E1D24	2024-09-11 09:17:50.000
29531	1061	Main Office	14E08CFE-CF7E-4E76-A5FD-7624CAE2482E	2024-04-22 22:30:50.000
29532	881	Main Office	4AC4ECBE-4775-492A-8776-41237D7C6ABA	2024-11-15 17:21:51.000
29533	801	Main Office	CD6229C0-A0FA-4A48-B4E1-D1C02437CAA8	2024-04-04 09:34:04.000
29535	591	Main Office	26821E31-0E0E-4D73-A494-34F630B636C4	2024-02-21 06:16:16.000
29536	786	Main Office	EFA08457-C8D8-4DAF-A27F-BF6DFAF76863	2024-10-12 20:25:37.000
29539	480	Main Office	6F7DDA53-7B9D-4710-AEB9-20EA0EA5098B	2024-04-21 14:36:16.000
29541	467	Main Office	22B4D3BB-6AF2-4D40-8F84-10FAD8D5A74F	2024-10-31 15:09:54.000
29544	519	Main Office	B1D3B3FA-E485-4F4C-B781-B4EFB273DEDC	2024-12-14 08:33:38.000
29545	11	Shipping	3D88495A-776E-414A-A91E-6D8979A35D86	2024-02-02 05:04:11.000
29545	834	Main Office	6E047F2B-6170-47BB-8D14-8A0702D1EB17	2024-01-23 10:35:01.000
29546	635	Main Office	BFF85EBD-CCD0-4DAA-AFBB-B415EDF44265	2024-03-21 22:38:06.000
29548	498	Main Office	1419EA0F-F8EE-4D5B-9E5F-90FC3A9999CA	2024-08-26 19:55:42.000
29550	853	Main Office	68F33BFF-28C2-4ADF-A6F0-EF5ED52C0172	2024-03-24 16:40:42.000
29553	581	Main Office	6332EC14-CE8A-48AC-B1C2-476077E07952	2024-03-26 23:42:35.000
29554	776	Main Office	316172FC-BA5F-4A48-86E0-5213A7F59059	2024-08-27 23:15:01.000
29557	513	Main Office	D3E8FA3E-72B0-4059-A99F-ED52F631E72C	2024-11-20 05:15:01.000
29558	500	Main Office	C646937C-7B2B-4284-994C-11D7BF5E1F21	2024-07-11 02:44:14.000
29559	185	Shipping	4764266C-0FA0-4ADB-913F-013DA52D6353	2024-07-31 02:41:10.000
29559	861	Main Office	30233957-E9B2-4C10-9621-6704AD79D316	2024-06-28 13:21:57.000
29560	1030	Main Office	4012A207-360D-4189-833C-61B0EBE4E593	2024-08-01 13:35:00.000
29562	1091	Main Office	5A938E81-23B5-41F1-9F19-48AA09F5EB48	2024-01-26 15:51:10.000
29565	1073	Main Office	ABBED10E-0CD0-4808-9465-D8DE63BB0B8D	2024-02-15 08:16:56.000
29566	810	Main Office	81390AF7-D4D0-4F4D-AF42-AB21F5713F14	2024-12-15 18:18:30.000
29567	448	Main Office	4F5A655A-1259-4F7E-95F6-CD18CA6B9A01	2024-12-10 17:56:25.000
29568	993	Main Office	DCEC97AC-FC1A-4FAC-9DD5-B7CAB0625D77	2024-05-30 20:26:29.000
29569	562	Main Office	1F8372C3-2AE5-478B-90D2-618E6C5B28F5	2024-01-28 00:14:36.000
29570	592	Main Office	FFF86E21-3F2F-4DEE-A66F-E750ACEB288C	2024-04-19 18:51:26.000
29571	864	Main Office	0051C719-AEEC-46F0-8430-562D074BE9E9	2024-07-17 15:32:38.000
29573	1016	Main Office	BE9052DE-38C3-4055-88C4-D1CBF9E4A7F2	2024-06-09 11:20:15.000
29574	577	Main Office	44D2BD82-E3B9-4390-B645-8F03E8F53237	2024-09-10 07:31:09.000
29576	514	Main Office	F0D0449B-B4B5-4BEE-AE9E-DDA391E1971A	2024-11-12 15:34:27.000
29577	471	Main Office	79195F71-4929-4C90-BE50-D9DFD1767268	2024-09-26 17:14:29.000
29579	1012	Main Office	1D926304-E5CD-401C-B40A-C68C9CA545C8	2024-11-07 06:18:35.000
29580	849	Main Office	2548C6C5-6E73-472A-A5C8-7BC82D223038	2024-10-24 11:03:50.000
29582	848	Main Office	8E96ECCF-87C9-4123-9658-82807BF5CC39	2024-01-24 03:47:07.000
29583	576	Main Office	12FDB97E-8664-4A38-8B9D-E7A5D48D3E6B	2024-07-12 16:25:34.000
29584	1014	Main Office	27F155C4-618E-41E0-B843-6887C0B1FD95	2024-07-24 08:36:53.000
29585	841	Main Office	85C76950-0A27-4B55-8C4D-4673172D5AC1	2024-08-15 22:10:47.000
29587	664	Main Office	BE7DA2A1-7558-4566-84D7-90F67DC24375	2024-03-02 19:10:46.000
29588	890	Main Office	AA005E64-2103-433D-AC7E-886222396936	2024-01-25 10:20:22.000
29590	789	Main Office	B6AA96AC-8470-4683-923C-6D8C00A023DC	2024-01-08 13:12:40.000
29591	584	Main Office	20668D7D-B2DA-43DD-83DB-4F02A269924B	2024-11-24 11:04:58.000
29593	585	Main Office	0B887414-135A-43F6-94DC-60A220362C6D	2024-01-14 02:41:21.000
29596	458	Main Office	F304C494-8B65-41A7-A144-853FF6DCF91C	2024-01-08 05:02:15.000
29598	1000	Main Office	36D419A6-97C3-4CF3-96EF-8C8951FAF7D3	2024-06-09 14:53:04.000
29599	877	Main Office	DB83BCB8-214F-4B20-92C8-75D4B982A134	2024-04-15 07:36:51.000
29600	797	Main Office	979ABDF5-114C-4324-9B43-0E9F090A6174	2024-05-18 00:21:27.000
29601	516	Main Office	A35638E6-0F87-47C0-9C72-1B65CADFAF59	2024-05-10 22:37:48.000
29603	518	Main Office	04A7A4FF-6708-4C08-A502-4DAEAA666D55	2024-04-21 15:50:31.000
29605	1060	Main Office	A0DF5593-0A1D-4670-AF3E-FFF343EC50B3	2024-07-29 15:48:59.000
29606	871	Main Office	3F467555-2C79-4CB8-906F-C45DAEB8D9A6	2024-03-14 09:30:50.000
29608	488	Main Office	79B712ED-91C6-418C-91CB-8AF9169546E8	2024-03-18 09:22:48.000
29611	862	Main Office	EA3C1ACA-7D46-4842-8A52-4A5E04DE9E13	2024-12-25 18:36:10.000
29612	649	Main Office	56DC2277-C288-484C-AFB3-52624182ABA6	2024-02-05 13:40:28.000
29614	529	Main Office	5A69E600-61EC-49FC-8CF9-40FCAABBB48C	2024-07-03 21:58:12.000
29615	663	Main Office	C456F6E1-9405-4707-A039-D355ACBD0FAC	2024-11-04 02:56:00.000
29616	608	Main Office	6511AD85-E361-4A97-98E5-F9E49E04CE0B	2024-07-28 10:34:04.000
29617	880	Main Office	D159DB17-53D1-42E0-91D8-F926AB6413E6	2024-03-25 15:28:49.000
29618	658	Main Office	8EE07B7F-D561-45A5-9D78-EF7D9223B535	2024-07-04 19:03:13.000
29620	503	Main Office	C7A8A997-0817-42D2-A150-5785F7A4E47F	2024-10-31 22:12:38.000
29622	863	Main Office	347CA34C-5205-464E-83F7-BEB956DFDF7D	2024-05-24 22:00:18.000
29623	1033	Main Office	5BB7CC4F-58E9-447A-8012-E36AB7AE7F67	2024-12-31 21:49:50.000
29625	491	Main Office	72BC757F-5890-414A-948F-EF5C3EE0F5EC	2024-11-17 07:15:20.000
29627	447	Main Office	E25D9B43-EDEC-4E35-AA93-B12417EF7A61	2024-09-24 23:59:17.000
29629	469	Main Office	9CD7B713-3133-4816-8375-3458AA5DF285	2024-02-04 16:23:41.000
29631	1003	Main Office	8C52E68F-6799-48B5-99D9-857FE08275FB	2024-09-26 19:22:21.000
29632	843	Main Office	6897A92D-B5F7-467C-8D61-F89E28D0D908	2024-02-22 22:23:31.000
29635	634	Main Office	194A6DF5-F0E4-484D-9113-A9FCE5961104	2024-07-09 13:38:49.000
29636	1105	Main Office	A15F4F5F-A90F-4908-B8A7-9D126BE5DA1E	2024-11-01 04:59:43.000
29637	559	Main Office	991E29FA-E7C2-487A-BDD8-33CA4A36F61B	2024-06-10 14:49:58.000
29638	989	Main Office	3DB4D2FF-611F-416C-A6E4-41292B13E04B	2024-05-15 14:11:18.000
29639	470	Main Office	70C47450-562C-43BC-8596-ABFFDDE831FE	2024-05-12 09:03:15.000
29641	1088	Main Office	ACA58BAB-7BA5-4CB5-888D-8D9204653CEB	2024-06-10 06:12:12.000
29643	899	Main Office	13FFDF92-458D-454C-A4DF-0E6E7A02D459	2024-10-31 12:03:24.000
29644	643	Main Office	8DAB6BF4-7ED7-4E97-BAFE-3CE95649E24C	2024-03-12 06:06:52.000
29645	850	Main Office	D3B73C0F-674C-43CD-B134-7DBEBAE4CE71	2024-08-15 11:57:17.000
29646	578	Main Office	3E7CCF61-0B32-4C9F-9089-6A8EF172C755	2024-09-07 08:37:07.000
29649	544	Main Office	65FEDC39-AC5B-434D-886E-23E4F2A451D4	2024-02-17 03:07:28.000
29650	1059	Main Office	4B9A5374-FE8B-4078-B553-820D667615B5	2024-02-21 12:03:00.000
29651	606	Main Office	02321ECF-27E9-42D1-BCF1-F595F871637E	2024-01-29 03:35:28.000
29653	1019	Main Office	1D45CB08-2542-4FD1-BDAC-8994EF616BA2	2024-02-03 22:18:28.000
29654	579	Main Office	F54AB81B-11AC-4F30-AB25-34FBC123F7CB	2024-04-03 17:47:08.000
29655	774	Main Office	F0850212-FACF-49E3-BF75-11DC7F94FBC6	2024-10-15 09:39:21.000
29659	605	Main Office	E7EFB591-07EB-4D11-AF71-796E8ED9394B	2024-01-05 17:01:12.000
29660	1058	Main Office	035B6B42-9FF6-444D-8E99-05052EDBB5A4	2024-12-06 18:44:04.000
29662	1013	Main Office	ACF1AEBD-75BF-4969-98EF-BE0D13C9E6EE	2024-06-12 09:48:13.000
29663	575	Main Office	4821E5CB-21A0-453E-8862-64964817EB4C	2024-08-03 07:32:33.000
29666	468	Main Office	18FA01B8-E614-4B12-BB6D-97074DD84A95	2024-04-05 08:45:06.000
29668	573	Main Office	779CEF11-027C-4921-9F5B-6537A571C4AA	2024-01-18 19:04:45.000
29671	465	Main Office	79D1D469-4B2E-4D34-BC80-4192F8460475	2024-06-12 10:05:03.000
29673	1007	Main Office	B9B287C6-DC4D-460F-A332-CBCF58899220	2024-03-15 03:38:15.000
29674	571	Main Office	CB83564E-FAA7-4F31-A5E2-333BAFDEC072	2024-11-18 20:01:39.000
29677	461	Main Office	1B90B381-1C88-4B48-9C8C-E13810F1E20D	2024-11-10 21:21:31.000
29680	509	Main Office	55A31949-E55B-47EE-B11F-410560C489EF	2024-02-05 08:35:48.000
29682	1051	Main Office	A59C8221-1327-40E5-BC07-D3204B58EF3C	2024-05-18 17:03:57.000
29683	875	Main Office	E7B2FA46-3587-4A40-A056-2916C36D82E4	2024-03-27 14:22:36.000
29684	795	Main Office	198623D4-F744-4D75-864B-E270D9558CE5	2024-08-19 08:10:06.000
29686	1048	Main Office	6A66126B-66E9-44D5-A065-F7A56318EAB4	2024-02-11 02:44:37.000
29688	785	Main Office	E7A369CF-65BF-4726-AE8D-DD158061D34D	2024-05-02 04:50:12.000
29689	865	Main Office	D73C6FF6-27C7-414B-BBCB-C443F6C351FF	2024-06-05 20:42:22.000
29690	1036	Main Office	C2213F36-134B-4872-AEC0-2F5EC24F7BCA	2024-02-03 12:47:42.000
29692	494	Main Office	608A0E4D-16EB-495E-ACDC-B2882FF708B6	2024-02-10 05:25:48.000
29695	867	Main Office	0E4F9089-87EA-4EFB-B7D4-39D32324556E	2024-03-31 04:36:46.000
29696	1039	Main Office	AEB69976-7375-4C24-B433-952FE6985667	2024-01-22 14:46:26.000
29698	497	Main Office	92E554A6-6ACC-41B1-9992-636E10ABFC5C	2024-03-28 20:21:56.000
29699	456	Main Office	FF640E5B-57F6-496B-98DA-EB21CB137F55	2024-03-30 15:21:29.000
29702	567	Main Office	F3D6E431-8D52-4A2D-9917-B7702DB40079	2024-11-29 13:18:04.000
29703	1001	Main Office	69F1DA2A-2E86-4C99-973B-D2AD7836FB92	2024-02-13 02:57:38.000
29705	459	Main Office	A928FD77-9387-468B-AA0C-48F2C58E6949	2024-05-19 16:46:44.000
29708	569	Main Office	90252818-11C0-4C9A-A28C-2B18594C41F8	2024-10-31 17:13:50.000
29709	906	Main Office	E0E6F2B7-22B1-4C22-A127-E95CD2D1C2CF	2024-09-18 00:08:01.000
29710	1017	Main Office	2E3C3C77-3AA1-4F44-B994-C453705588B5	2024-06-27 21:08:18.000
29711	472	Main Office	45EA76B8-301A-486A-863A-C69A9E166360	2024-07-02 22:42:47.000
29713	644	Main Office	AD437E81-FC8C-48EC-BD9A-0358EB2BAF2C	2024-10-27 16:22:09.000
29714	473	Main Office	97164CFC-253E-4432-9E60-E197747E2286	2024-07-14 00:46:29.000
29716	1015	Main Office	409C560A-726B-4CA0-B714-DE3D4F69C4C6	2024-01-20 03:39:22.000
29717	851	Main Office	9143049E-98F6-4D35-AD3E-60621F9AE3B0	2024-10-14 12:02:42.000
29719	905	Main Office	EF32D844-0DBB-40EC-9C1E-F2BD53BDBFC2	2024-09-24 10:24:44.000
29720	1100	Main Office	56859A58-3017-4F7D-A038-E5305480854A	2024-09-03 01:43:33.000
29722	555	Main Office	75797172-08EA-4266-B784-813B999668C7	2024-02-24 19:44:45.000
29727	907	Main Office	E8465F39-2991-47FA-A0A7-F5A02AEB7AD7	2024-07-05 21:21:42.000
29728	1103	Main Office	5032D0C5-1DE7-4CDA-A996-1AEBAFE04A21	2024-01-13 21:29:33.000
29730	558	Main Office	AD2B1030-CA3E-450A-BAB8-95755F585D84	2024-03-07 10:13:19.000
29732	607	Main Office	5D353D79-AB12-4564-9E32-A5DE8839E13F	2024-01-18 13:05:47.000
29733	1062	Main Office	D76D2243-F3C1-46B4-B329-4781414438CC	2024-01-31 18:45:37.000
29734	517	Main Office	ABDAAE4A-7F6D-4192-A162-495646CDA3CB	2024-03-12 16:30:02.000
29736	659	Main Office	DDEABA1E-F394-4009-AF19-C9D4087C40FB	2024-08-10 08:27:44.000
29737	882	Main Office	5E4D3150-8581-4E81-ADD8-2F5CF9687FEC	2024-11-20 06:45:55.000
29738	610	Main Office	6360A3D7-3B1B-415C-B743-0098C6B55227	2024-03-29 10:52:30.000
29739	1065	Main Office	96592FA0-46C5-4E3D-A7E7-E376C0D8E521	2024-02-25 16:44:50.000
29740	520	Main Office	B76A7FB2-C021-4DDF-85FE-92639A1F2BB2	2024-09-29 23:48:34.000
29741	660	Main Office	14E7D304-258E-4265-AA7D-BE8E82830FDB	2024-10-09 10:30:56.000
29742	884	Main Office	7F519F4B-C3B4-4D2A-8DAA-ECDB706B5082	2024-05-04 18:30:43.000
29743	612	Main Office	77375C95-A17C-411F-B4E9-4937F6BC5F33	2024-08-21 08:03:05.000
29744	1068	Main Office	FE1D120B-985B-46E0-8ED4-41ECD0ADB376	2024-09-02 10:45:09.000
29747	895	Main Office	ED778965-8FD3-407C-9267-440A6C9E5F3D	2024-12-30 15:55:15.000
29748	1085	Main Office	4C6F57D7-E418-4073-A8C3-2D1CA6913D8A	2024-02-12 19:38:06.000
29750	543	Main Office	F1E75C2E-B9F5-459E-ACEC-719F396DE128	2024-02-10 03:43:34.000
29753	897	Main Office	EBA170BF-74E0-4C19-BBF4-982F75D5988F	2024-01-04 07:12:42.000
29755	528	Main Office	27DAAFD3-3D17-43E9-8038-60B4D4DDF188	2024-06-11 11:40:19.000
29757	1070	Main Office	D78221A5-548E-470E-B7DE-8D34BB2D0A27	2024-01-02 12:38:32.000
29758	613	Main Office	90B488AC-55AA-4010-A0C7-2A4B41AD206A	2024-01-05 23:52:11.000
29761	525	Main Office	289F00E7-70C9-4F2E-9963-37CCED7EA231	2024-04-14 08:07:13.000
29763	1067	Main Office	FAB51B08-D380-4E58-97AD-B8763273597A	2024-07-18 03:52:07.000
29764	611	Main Office	8C24DD38-FEF1-41B8-BD2B-8B94984F468C	2024-09-16 16:47:36.000
29765	806	Main Office	3C5778FE-2189-4E99-84B5-385CA4CDFB27	2024-06-14 05:00:12.000
29766	522	Main Office	3DF9AFB4-CCE1-4E5B-87B4-01AC35D30607	2024-09-15 08:35:18.000
29768	1064	Main Office	16161C9F-FDE0-43F5-9B89-E04C7DC7BF98	2024-05-24 21:01:30.000
29769	609	Main Office	E217DC84-A4C8-4758-802C-714782491796	2024-11-21 12:42:26.000
29770	445	Main Office	40E68361-485D-45F4-B18C-282D13F4552E	2024-03-13 15:04:40.000
29771	990	Main Office	33E5EB41-F032-42E1-AB6F-3386454B4543	2024-09-20 19:42:27.000
29772	560	Main Office	BF40660E-40B6-495B-99D0-753CE987B1D1	2024-05-28 10:29:09.000
29772	11380	Shipping	7C6297BE-EA24-433F-A038-50E082D341B8	2024-04-24 05:54:57.000
29773	832	Main Office	314F2574-1F75-457F-9BD1-74D1CE53DAA5	2024-05-29 06:07:03.000
29774	564	Main Office	61D28A67-48A3-4F21-A56B-478D15EE3593	2024-08-17 10:52:06.000
29775	836	Main Office	DFDB2561-A36F-4F3C-AE89-5A62DFC80AA2	2024-01-26 06:34:05.000
29776	636	Main Office	079741E4-908A-442C-B804-945DBACF3B1E	2024-12-12 12:38:11.000
29778	650	Main Office	8AD5E768-9078-44C2-A6EF-5C43D018B618	2024-11-27 02:08:23.000
29780	490	Main Office	21B47EC3-1D65-4C2D-9E8D-088852776795	2024-02-02 07:34:19.000
29781	1035	Main Office	7907B148-D4F2-48B7-8D9C-122B8C09CBB8	2024-12-28 19:43:38.000
29782	590	Main Office	96F0286B-48FF-45E9-8B3B-3ADE877E8896	2024-07-22 01:16:22.000
29783	1075	Main Office	23C7CBFA-D379-4D31-A50A-41390F428850	2024-05-19 08:38:32.000
29784	1078	Main Office	B9C0D4FE-B72E-4615-94B2-0BF1D4E69ADF	2024-01-30 16:14:06.000
29785	533	Main Office	951E0EEA-EF27-4723-99C4-969750131F07	2024-12-01 07:25:10.000
29787	869	Main Office	7320DAD6-EABA-4BB3-8CF2-A555B25255E8	2024-08-29 11:03:05.000
29788	1043	Main Office	3A948195-AEB2-4415-B949-F5065C555791	2024-06-20 03:00:31.000
29789	501	Main Office	D97A5607-00C5-40A9-A969-DAAF6E005D03	2024-08-16 12:14:50.000
29792	597	Main Office	A985DFAC-3208-4CF4-8CE2-3AF97DD1CCC0	2024-10-17 13:57:22.000
29793	1011	Main Office	6075EE51-F2EE-4E6D-97BB-6C0732A4C53F	2024-06-13 04:26:30.000
29794	466	Main Office	B3B568EC-526E-442F-B068-FBB0CBE36EB8	2024-01-03 23:19:43.000
29796	642	Main Office	5F9605D9-90C5-448B-9E38-13E53BD965F0	2024-10-28 04:37:46.000
29797	455	Main Office	0568C992-F82D-4177-B7E8-C36AF5E749DC	2024-11-13 01:04:18.000
29799	997	Main Office	7AEF4F41-EAFA-43F0-836A-674EE40AE72B	2024-05-24 02:46:03.000
29800	839	Main Office	C0E88505-0953-4314-96FC-F6F9EB581B99	2024-01-05 04:58:15.000
29803	452	Main Office	3401998E-CCFC-4F78-8F4A-D0ECECF17645	2024-11-12 04:52:22.000
29805	994	Main Office	3596CEF3-C2AE-4CE6-95DB-5FFF68B4BA57	2024-09-05 07:45:32.000
29806	837	Main Office	4CAA058D-61F5-4A49-9167-D1E57DCAC9CE	2024-12-07 06:08:21.000
29807	449	Main Office	3AB25485-C5FD-4132-AA0B-2A9B2915068C	2024-08-08 23:56:07.000
29809	991	Main Office	25929CE2-3342-40C7-A963-24D097EA30F3	2024-02-14 04:12:46.000
29810	835	Main Office	60B2442D-5A2A-408C-8F1D-B38BE02B91C9	2024-10-13 21:25:24.000
29813	446	Main Office	26B1EBC5-570F-4D4B-BAF2-C8C855B94151	2024-09-19 00:49:25.000
29815	988	Main Office	E968E6AC-47AE-4C04-8207-443B842DE930	2024-07-27 21:04:35.000
29816	297	Shipping	C33E7580-8404-43F7-A783-21B927020B98	2024-10-18 03:06:48.000
29816	833	Main Office	B4435C21-4D7F-40E5-ABEA-4966428597D5	2024-03-23 14:45:18.000
29818	1104	Main Office	A3718FB8-73ED-4A1B-B686-1FC240700210	2024-10-29 09:33:45.000
29819	633	Main Office	C4BBE507-B9CA-4F90-9D47-A8C30AD62ADF	2024-09-25 18:04:09.000
29822	557	Main Office	E7C2F784-D012-4180-86D8-AD49F3A4C402	2024-01-23 11:27:14.000
29824	556	Main Office	35BCA4AD-180B-46E9-9578-0C9FC3202E13	2024-10-20 21:27:39.000
29826	1101	Main Office	D4D410DE-2FB4-4080-AE2A-C459D0568542	2024-07-03 02:26:40.000
29827	631	Main Office	A9B3CBA7-2F99-4914-A083-F5E6BADAD4F1	2024-11-04 09:48:29.000
29830	553	Main Office	651786DB-EB03-48A7-9B3E-86AD341627FC	2024-03-04 09:08:11.000
29831	552	Main Office	A72E515F-DF6A-4A7C-93FD-414BD925335B	2024-01-01 20:24:46.000
29832	551	Main Office	17D1E4C8-B4BD-40F6-B1DB-8D1F0990BCAB	2024-04-28 20:21:08.000
29834	1097	Main Office	6EB20C23-F905-44C5-8E69-FD1BAA8F2765	2024-05-20 14:49:15.000
29835	903	Main Office	E26C8C28-A7C3-4EE4-A844-B1430B97AEF7	2024-09-12 08:05:58.000
29840	547	Main Office	9E2595F6-492A-4683-B6FC-1A52FC4C37B2	2024-09-12 01:34:35.000
29842	1094	Main Office	018C1503-5A74-462C-BD52-697938FD82D1	2024-12-04 19:59:31.000
29843	901	Main Office	8FF46C88-3A42-4F4D-AEB6-BE149A35E650	2024-02-26 11:00:18.000
29847	1092	Main Office	54E22612-0521-4EA6-B7B0-29D081E054C4	2024-09-04 23:12:18.000
29848	625	Main Office	33847FBF-D078-4A88-B331-4AEB4F8CE9D5	2024-08-15 07:05:33.000
29850	623	Main Office	0BEEBF7F-DA33-4EAD-981B-814C71908B47	2024-09-10 05:27:30.000
29851	657	Main Office	50BD7F7E-8937-4B35-8391-A217EB60ABAF	2024-12-13 06:30:47.000
29852	511	Main Office	C2005FF8-9E71-4D36-BE82-5F920137A4AF	2024-02-04 19:01:50.000
29853	1056	Main Office	FE9C02C8-7FF9-4A9D-881D-66E388707B8F	2024-01-13 18:27:37.000
29854	604	Main Office	9D47F717-FB49-4B2F-B536-5E86483CAA37	2024-11-21 03:52:14.000
29855	539	Main Office	D4701110-F7E5-4F41-9E56-E983C5A18AB5	2024-10-16 07:00:07.000
29857	666	Main Office	7BD7135D-791D-420D-8738-F9CF72CF3FDD	2024-06-16 15:40:03.000
29858	894	Main Office	F49E2C74-9BB9-462E-BCAA-67370F4D74A9	2024-06-21 18:50:04.000
29859	622	Main Office	F1F94995-B143-46E1-8BE1-E4BA680B7C3B	2024-11-03 15:09:20.000
29860	668	Main Office	CC407427-8A5C-4543-89FC-07FBCF32E609	2024-06-01 04:39:00.000
29861	628	Main Office	08198768-5A31-4605-8043-D2495AB40697	2024-05-09 17:16:33.000
29861	11382	Shipping	19FCC0C7-CE20-4648-BD54-FF8A77ADCF3D	2024-06-30 03:00:41.000
29862	1096	Main Office	2919880B-8B32-4FC8-B7D2-D44FC2D86BCB	2024-12-06 18:54:49.000
29863	546	Main Office	EBD9AD4D-8193-43BA-8FA5-E2C0A0CBB11F	2024-08-21 04:03:52.000
29864	487	Main Office	DEF4D1E6-BE40-43B9-B6BF-0BA395F7D377	2024-12-11 00:17:07.000
29865	1032	Main Office	70CBA3F6-5540-40C8-A3BB-F3B068B724B9	2024-11-19 19:00:13.000
29866	588	Main Office	97359B3A-CBBD-4D77-8EF1-C00A9235DCD8	2024-04-21 09:38:40.000
29867	860	Main Office	27CE6686-06CE-4B0F-AEA6-35CCC189492D	2024-01-23 01:40:20.000
29868	648	Main Office	F3398939-A9AD-4B7D-BA7E-14624F7D43BA	2024-01-28 05:30:28.000
29870	484	Main Office	5CC7359E-2CB1-46F9-97A2-5D94A6C9F90E	2024-01-20 03:22:34.000
29871	1029	Main Office	B599562F-4CF6-4C71-8C02-79E80522D00F	2024-07-22 16:44:42.000
29872	586	Main Office	816C491A-703B-4F12-AA02-FD8B863ECD70	2024-03-01 18:44:32.000
29873	858	Main Office	386E13F8-728A-4C9F-8CE7-38AFC5BD605B	2024-02-25 18:19:47.000
29874	647	Main Office	8B604C39-A03E-4914-A755-6011E2836BCA	2024-06-29 00:15:16.000
29876	481	Main Office	75756445-0F83-423C-B065-CC359F478DA1	2024-09-12 09:52:57.000
29877	1026	Main Office	961322F7-4900-4419-9267-C58A1F7E7AE5	2024-08-02 22:49:20.000
29879	515	Main Office	EED9551E-F6C8-418D-B945-942A64A884C8	2024-02-20 10:07:21.000
29881	483	Main Office	E84A3989-EE42-4752-A6F0-DED83AFBF901	2024-08-17 00:46:16.000
29883	1025	Main Office	691F68E5-A080-4199-A039-207C1993BD7D	2024-02-09 00:32:38.000
29883	11381	Shipping	C48C839A-4B7F-4927-9704-589178587F6C	2024-11-16 03:36:13.000
29884	583	Main Office	5D4845C6-5905-4712-908B-5084FCC3B04F	2024-05-19 21:47:07.000
29885	857	Main Office	D9B79631-E1F5-4584-BAC5-A4C71EA74448	2024-11-09 20:40:18.000
29889	1021	Main Office	5A372EB5-2A48-43D3-ADE1-A67DEDEA0E20	2024-09-12 01:15:24.000
29890	855	Main Office	176EF850-4BF4-45CC-B534-0CCA49223CAE	2024-08-09 22:27:58.000
29891	775	Main Office	1779F0AA-E430-4DE5-AD94-59DE109DF1EF	2024-09-03 04:48:07.000
29892	476	Main Office	FE8846FB-9827-4DCD-BEE5-113A861CB13B	2024-10-15 20:09:29.000
29893	1018	Main Office	2AD834EC-582D-4666-85C2-E2D6D168A223	2024-08-26 00:04:26.000
29895	524	Main Office	882C6728-41E4-4BA5-9B26-F1341A0BFB11	2024-04-01 10:08:56.000
29897	28	Shipping	32AC1E35-A59F-4776-BA25-E64429512B5D	2024-09-21 06:28:20.000
29897	1066	Main Office	B9019606-2EBC-43C6-8F58-905EAF700FC2	2024-05-19 16:17:28.000
29898	876	Main Office	C917A47C-301F-49C1-9F02-BC11A1C94F1C	2024-02-23 05:36:48.000
29900	508	Main Office	5246C0B3-83D6-435C-AABA-1787D1633F84	2024-06-24 04:08:36.000
29901	1053	Main Office	2C3DAFEB-06C9-4159-914E-4E16E413F843	2024-11-11 09:35:43.000
29902	602	Main Office	9E61ECC8-7365-45A0-A1EA-3A0464EE97BD	2024-10-07 00:26:26.000
29903	874	Main Office	23821FDC-FD22-480B-BDCE-3C65C33387BD	2024-03-02 10:00:52.000
29904	655	Main Office	952287EC-6669-4220-9117-A95FDF46D8B1	2024-07-09 11:18:34.000
29905	505	Main Office	0420D0D7-9E3E-4C30-B67C-C7E9DD0273A6	2024-07-13 18:26:50.000
29906	600	Main Office	1F3CD6C4-AF8E-4A58-9E49-8282B544CF3D	2024-06-16 11:59:48.000
29907	872	Main Office	1F91C474-7799-4E5A-AD5C-7D094041867C	2024-01-28 00:02:49.000
29908	654	Main Office	30BD6EB8-34BE-4C9B-ADE6-EA2D67F3D699	2024-07-15 10:58:32.000
29910	502	Main Office	696D6949-58F5-4DE1-9989-D41CE31B9D8F	2024-09-11 01:35:29.000
29911	538	Main Office	B7CDC62A-5672-4327-9B71-2BA730134D98	2024-06-07 12:23:36.000
29913	1080	Main Office	DA56E398-0DD4-4158-B70F-8E4A117DD231	2024-01-05 14:29:48.000
29914	1079	Main Office	822ED3F8-69BD-46EE-A9CD-29C11F80CDB8	2024-08-10 17:15:40.000
29915	891	Main Office	EC1A1489-7026-4D97-9B83-5763A5927CD9	2024-02-03 03:19:30.000
29918	460	Main Office	375117B5-406C-48CE-BE16-B702BBE4BB0D	2024-05-26 20:36:15.000
29919	1005	Main Office	4A1C9DAF-8F54-45EC-BB7F-D2A61C9362F6	2024-04-02 17:38:06.000
29920	570	Main Office	2CCD3B05-5E70-4FB5-81C2-28D557F16D90	2024-07-17 23:23:49.000
29921	842	Main Office	2B812294-50AC-4525-92F2-6D29760A0A63	2024-04-11 01:40:45.000
29922	639	Main Office	65998649-05E8-49A5-97D5-53F0445A628F	2024-12-04 16:59:57.000
29924	1002	Main Office	C454F63D-EF99-44AD-BE3E-12FC3272B0BA	2024-01-05 04:40:28.000
29925	840	Main Office	85F9BE4D-F847-4249-B676-4A998D885266	2024-01-31 03:06:31.000
29926	638	Main Office	ACDA2178-9538-46D6-B023-01EB79BF7872	2024-01-01 07:31:07.000
29928	454	Main Office	E7F64144-8FAC-4392-84D9-22FAF9A73DE1	2024-08-04 23:03:46.000
29929	999	Main Office	46E7F8B7-BF76-4C86-A629-01E39BAFA4D7	2024-04-12 03:06:27.000
29930	566	Main Office	49CE33D2-F079-4EAB-B2AD-4FCA0469C098	2024-04-29 13:38:33.000
29931	838	Main Office	0238DDCB-752B-45B0-9B07-6A784789FF21	2024-06-07 11:27:34.000
29932	637	Main Office	16E0667F-AA85-4155-AB36-1703FC9E07F0	2024-11-30 05:23:04.000
29934	451	Main Office	BF9679DA-39E6-4E84-8476-4DA4A30C330F	2024-06-13 21:46:08.000
29935	996	Main Office	B9C06EA5-F335-427A-A99A-B54A33481BA0	2024-03-21 09:16:21.000
29936	852	Main Office	57E10DF3-D294-4266-85FB-8605830DDA3D	2024-09-11 01:52:08.000
29937	580	Main Office	9C95615B-D86B-4300-941A-572A69EF1C4A	2024-05-04 04:16:12.000
29938	1020	Main Office	CADA439D-E85A-4EF6-94AD-65923961240B	2024-03-06 15:00:00.000
29939	475	Main Office	EC8852E5-975C-4058-BC0A-AC65C1B48FFD	2024-04-19 04:09:44.000
29941	645	Main Office	4B94AA98-7647-44D4-A886-E706875A6844	2024-11-19 19:07:20.000
29942	854	Main Office	A82C76B8-4C10-406C-81A8-66BE5AAE5788	2024-09-10 23:58:24.000
29943	582	Main Office	E56D2AE3-8346-4E47-86AA-76C6B39319BA	2024-04-18 10:00:42.000
29944	1004	Main Office	F66A7BE6-29A8-4309-A143-B1FA1540A225	2024-06-26 03:10:57.000
29946	462	Main Office	31527987-C089-4CB9-999B-F0ADFC5AFFC6	2024-05-16 11:59:47.000
29948	572	Main Office	7EABCE07-686E-4011-9521-AABE83733395	2024-03-05 07:54:21.000
29949	1008	Main Office	E91D6996-49DA-4DAE-BCFA-4B02B37CFF56	2024-02-19 12:04:29.000
29950	463	Main Office	A94B6C2E-A3AD-44B4-9085-DCBA6A9DA311	2024-07-05 09:23:44.000
29952	641	Main Office	8AA47F7E-C090-4726-94AC-7CD310AE8433	2024-02-05 21:15:21.000
29953	846	Main Office	58B5243A-A590-4BF7-BB3D-322D50079B7E	2024-03-08 02:05:51.000
29954	25	Shipping	85666565-49E8-427A-8A2A-C7960C7E665A	2024-01-06 00:37:34.000
29954	574	Main Office	337AEBB8-BAB7-4C4D-A1E9-F88D8B637294	2024-06-16 20:36:52.000
29955	756	Main Office	1527EAC1-49FF-4F1C-A2BE-69D42C6CC09A	2024-10-01 01:42:37.000
29956	561	Main Office	00390F39-AD50-4852-94C9-8CC153FCB635	2024-10-28 01:22:00.000
29957	992	Main Office	228E647E-24F6-427B-B40D-A1B7A0D88DB5	2024-07-29 21:28:38.000
29959	450	Main Office	8403E33B-A0AB-4D9C-A223-DCF3F74E2B8F	2024-07-24 16:19:40.000
29962	563	Main Office	56BBBD3F-4809-4BEA-883C-24D712763E34	2024-01-23 08:01:23.000
29964	453	Main Office	19C598D1-750E-4350-AE29-97A55AB7BF04	2024-07-13 11:29:41.000
29967	565	Main Office	3DA21168-1DA5-4FF2-8716-55EFC98633B6	2024-12-11 02:13:29.000
29969	548	Main Office	754E5EA8-F1C4-41E6-831C-CF56DF1375A7	2024-03-20 04:01:26.000
29971	549	Main Office	752E7532-C545-4F14-A0FE-941409090492	2024-04-18 04:06:34.000
29973	825	Main Office	21B6C40A-DAEF-43E2-8467-3DC824A1A577	2024-03-30 23:06:30.000
29974	629	Main Office	A656CB14-F54F-4DC9-954D-0A91A3226A06	2024-11-03 09:30:40.000
29975	1098	Main Office	EC307993-124C-476F-94E6-E358512890C5	2024-06-21 23:25:38.000
29978	671	Main Office	B392D956-6455-40C6-9B4F-36173CDF49D2	2024-09-16 00:07:17.000
29980	672	Main Office	9AF6B4D5-AA4C-4E8F-A709-F4567C850966	2024-03-26 18:07:57.000
29981	904	Main Office	B798D879-BF0F-46E1-B7FC-1C1A8DF518D5	2024-01-31 20:33:17.000
29982	1102	Main Office	95FD4C03-F298-40A1-A4D2-2B02E221D876	2024-02-10 05:19:20.000
29983	554	Main Office	DB69C4E3-6912-4AC2-87EC-76FC58CB7C2D	2024-08-07 02:27:36.000
29985	673	Main Office	A9DE79D2-BA98-4DF1-89D2-807B7DCCA039	2024-03-21 07:25:56.000
29987	1023	Main Office	88D1889D-E045-40CC-A9CE-51C8614947E5	2024-01-10 15:15:58.000
29988	478	Main Office	74DBDB0B-0110-44FA-941C-98BCD90C7D86	2024-10-26 15:30:41.000
29990	646	Main Office	245A36B0-5ABB-41C1-83B6-E993E4ECA1A4	2024-07-13 08:18:16.000
29991	856	Main Office	C1740C61-C680-466F-B8D1-51CF235BC6E9	2024-09-03 09:45:55.000
29992	1024	Main Office	06B02E3B-F6C6-4BAD-BECB-7B9FD91B7F64	2024-05-20 19:24:13.000
29994	482	Main Office	50BAA902-3D53-42D2-A154-F4C007975943	2024-02-11 23:09:34.000
29997	859	Main Office	D50EE4B4-F614-48BD-B4CB-0B57BC374F06	2024-10-27 22:01:47.000
29998	1027	Main Office	837DFFA6-8E7D-4D63-871D-6E11EE484190	2024-02-24 16:19:21.000
30000	485	Main Office	FF4550C5-F25D-4135-9EF5-E110F3FB5D91	2024-06-14 20:43:00.000
30003	620	Main Office	D2500013-41B3-40CE-9135-8EA6C762D1BB	2024-01-26 10:18:34.000
30004	892	Main Office	49819453-A096-4E1E-AB21-1BDF3A25E812	2024-09-07 21:10:56.000
30005	665	Main Office	B664CFC7-00C5-4076-A57A-7F9E7D8D17D0	2024-05-16 01:43:53.000
30007	536	Main Office	766EACD4-C44B-4754-8754-984F6F416164	2024-01-13 15:50:58.000
30008	617	Main Office	33AA20BE-4DB5-42E4-83C6-64F377BE8E6C	2024-04-14 19:22:19.000
30010	535	Main Office	01A80AAE-7BE3-4ABD-9615-FE7A45280BB9	2024-09-22 06:20:31.000
30012	1077	Main Office	EE0DA3B5-0E51-468B-BFAA-CCE39C25F910	2024-04-01 04:14:00.000
30016	531	Main Office	7D90C75B-9B26-4D75-9D57-364326B6E75E	2024-06-02 06:03:24.000
30018	9	Shipping	432BBEE2-8A6B-45E3-8915-9350F0434E3F	2024-10-03 13:29:42.000
30018	868	Main Office	3478227B-F0DF-4C62-AE6E-3436CBEE3CFD	2024-08-09 15:49:11.000
30019	652	Main Office	4D79EB56-5F62-4C2F-90F2-F2F11D7E4F63	2024-10-09 17:59:20.000
30021	496	Main Office	9C254D20-1324-4359-BD3A-DF341483D700	2024-05-11 06:37:44.000
30022	1041	Main Office	D905CFC1-25CC-4F55-8BC0-0978A62E012D	2024-06-26 01:36:16.000
30023	594	Main Office	475B3850-2CD4-48A3-AF69-355FD0158A35	2024-01-21 23:20:53.000
30024	866	Main Office	56C83E74-D730-44DC-92DE-FA90D4EABD52	2024-06-25 03:14:21.000
30025	651	Main Office	16201C53-5310-44EA-8AF3-52C501233509	2024-03-18 02:37:12.000
30027	1038	Main Office	5DC4DDD8-BE9A-4BD2-9F35-9F81743296E8	2024-08-19 16:47:39.000
30028	1087	Main Office	89DC9828-A718-4D85-9254-9EE7442A9242	2024-02-06 23:11:14.000
30029	542	Main Office	4093BD23-27FF-4F33-A21F-6B4307B983ED	2024-12-07 00:46:35.000
30030	667	Main Office	C1A1B046-3EE3-4366-9CB6-B25C4C261B11	2024-07-02 10:26:20.000
30031	896	Main Office	EA56BA8D-5F32-426F-8880-58FA472D6993	2024-12-01 18:36:53.000
30032	624	Main Office	453ADFD6-3AAA-41C0-97AE-1990BF059F5E	2024-06-10 20:42:02.000
30033	1090	Main Office	C3B9CC49-7B83-4888-8958-1A3B7558E614	2024-10-29 20:16:13.000
30034	898	Main Office	5F9216FF-94A5-4F60-A6CF-166255DCA85F	2024-12-25 09:53:03.000
30035	626	Main Office	412C9901-3093-482D-B601-87DC5FFE43FB	2024-02-23 17:11:54.000
30036	1093	Main Office	CB14B4E6-97C6-453E-BD51-9C0A1D49FF16	2024-03-17 11:32:13.000
30037	545	Main Office	47D260D5-1F63-4617-93AB-5E144941B2C0	2024-05-30 04:51:06.000
30039	627	Main Office	7C2B29BA-A09A-41AE-80C6-958859BEEC9B	2024-12-10 18:28:35.000
30040	1095	Main Office	C218B088-B5E0-4812-9EE5-46CC9C2DC864	2024-11-22 01:48:33.000
30042	523	Main Office	31F60FA6-3745-404D-A1E6-937621635039	2024-11-02 02:04:27.000
30044	661	Main Office	15343C26-52EC-4CC9-90F1-0DDA6A196292	2024-10-02 01:29:27.000
30045	886	Main Office	A33D3A7C-77CC-4ADA-9957-398A049BF03D	2024-01-24 23:50:48.000
30046	614	Main Office	6BF98D5F-91A2-462A-9993-290F3ACF88B0	2024-09-29 23:39:24.000
30047	1071	Main Office	48F96EB4-5E50-42D7-B8E4-6390C2AB703A	2024-08-29 22:00:29.000
30048	526	Main Office	5FB30583-2FC0-40A6-9D86-44C9ABD854F4	2024-03-10 03:50:08.000
30050	662	Main Office	E891C193-3B12-4843-8F2B-5902423CB7A0	2024-11-24 06:00:39.000
30051	888	Main Office	A303B277-ECC4-49D1-AA81-C39D5193D035	2024-07-06 21:43:54.000
30052	1074	Main Office	EA85B354-01CB-48B5-A60B-DBE990CF7661	2024-09-11 02:31:25.000
30053	507	Main Office	4409D7B8-5701-4103-BC8E-60043723F8AA	2024-08-27 07:51:41.000
30055	601	Main Office	B5558A28-1FC8-480E-AEAE-68CB7F59820E	2024-12-02 08:45:53.000
30056	1052	Main Office	53A88FE9-3A3D-4190-821F-A4579923D143	2024-05-08 14:44:36.000
30058	510	Main Office	B44447D2-E096-4F10-8E12-34838CC105C3	2024-11-14 10:50:35.000
30061	603	Main Office	2C0D6291-37F3-4132-9BD1-BE3F27887639	2024-07-06 23:20:09.000
30063	1009	Main Office	C650A72D-EC8F-4F21-872E-46DA52C7049F	2024-02-03 13:13:53.000
30064	847	Main Office	D9411B71-A713-4396-96FC-76698E70BAF0	2024-03-15 10:42:57.000
30067	464	Main Office	AF190CAA-EBAB-485D-B695-6D2C51F21CAB	2024-02-27 19:58:55.000
30069	1006	Main Office	6004980E-7E85-4A58-999E-7298C3837E44	2024-07-15 07:10:30.000
30070	845	Main Office	4D612D21-D01C-4948-8F79-58A28120C8E5	2024-02-11 12:50:52.000
30071	844	Main Office	64C6B4C7-59BC-4F38-AC4E-41A34557A2A8	2024-01-01 15:22:23.000
30072	640	Main Office	C6078B9A-2F95-4029-BE72-511345BE2A9A	2024-04-04 04:16:15.000
30074	534	Main Office	2EF881A7-77AE-434C-AF0C-E1122EEF3D2D	2024-05-06 07:18:20.000
30076	1076	Main Office	B7D461FE-3694-49A8-A2EA-DFA20384B2F0	2024-11-14 07:20:44.000
30080	885	Main Office	3D04C1E0-F1F9-4E9A-AF1F-51063B0CD4A9	2024-08-26 15:37:22.000
30083	521	Main Office	3CEA9956-63BA-47F1-9C44-171ABBCC2B37	2024-12-26 20:55:09.000
30087	492	Main Office	22875F2E-323B-4538-A890-C5C8F7ECC08D	2024-07-08 05:39:14.000
30089	1034	Main Office	2F99485B-952A-44D4-A5AF-5A94FACA240E	2024-07-15 04:38:57.000
30090	589	Main Office	8898DC46-3B2D-4834-8CA2-2658F2B1F48A	2024-03-18 06:13:15.000
30093	489	Main Office	AC074832-ADEC-4312-9BF7-22D56EB4CEB9	2024-12-26 22:39:37.000
30094	1031	Main Office	D54C6FB8-9B5C-48D3-BBD7-45F522DD6678	2024-08-01 08:20:28.000
30095	587	Main Office	E6B235A8-56BA-477B-B674-5791C69EAAA9	2024-10-11 13:13:48.000
30098	486	Main Office	1175D1C6-86E0-418C-92E4-17D4FC9DE2CD	2024-12-11 17:01:30.000
30100	1028	Main Office	4C846256-C130-4F84-A012-D99D100C557F	2024-06-28 06:07:31.000
30102	669	Main Office	D996364A-0B31-4B67-ADCC-1D0454B5B26D	2024-03-28 17:27:30.000
30104	670	Main Office	C716C9A6-A562-4C5F-AC86-3744FE5D3194	2024-10-15 14:35:10.000
30105	902	Main Office	535EBA9B-7944-444E-82D3-2DA2C930340D	2024-08-24 10:40:46.000
30106	630	Main Office	164491B5-2A57-4FF7-9EA4-B59E66EB38AC	2024-10-03 07:06:30.000
30107	1099	Main Office	EF3BBF6B-9CC8-45CA-B564-FE8B29103D7A	2024-01-01 02:38:42.000
30108	550	Main Office	1CAE94D5-5527-4EAC-A1EE-61B828784DD1	2024-07-13 22:10:43.000
30109	826	Main Office	CD073E68-C151-4BDE-B286-CF56484CF98C	2024-03-06 20:42:51.000
30110	1047	Main Office	63A7A2E0-E0B5-4DA1-8A78-372081EB517E	2024-03-21 14:58:09.000
30111	598	Main Office	B7C03322-5A8C-44BC-8B3E-456D16C125E0	2024-12-22 01:48:17.000
30112	870	Main Office	18F1221C-EA54-48C2-AD9A-7736FF1010CB	2024-03-05 08:03:33.000
30113	653	Main Office	B3D67684-4F0A-4F71-B5E2-2E5E93CCC91C	2024-08-21 11:02:54.000
30115	499	Main Office	A02A45B2-673D-4FF6-9C60-EE59A8C2BB4B	2024-04-04 11:53:31.000
30116	1044	Main Office	E953D4FE-212C-4A45-9B1F-575CC75969C5	2024-10-15 09:12:42.000
30117	596	Main Office	5D215B08-8954-48D2-8254-447D2415FC8B	2024-02-18 07:14:56.000
30118	595	Main Office	4ACAF1C5-6E59-43D6-8421-76C9A22FF457	2024-02-24 19:27:09.000
