1	1199	en    	4D00B649-027A-4F99-A380-F22A46EC8638	2024-10-02 23:41:14.000
1	1467	ar    	7DE7204E-4EFC-40F7-B9E6-0CEB4162399C	2024-12-24 01:08:41.000
1	1589	fr    	20BFFCF4-BFA6-400B-BF34-9A689779EAE4	2024-10-24 23:06:36.000
1	1712	th    	AF18BC29-F378-4512-A59B-D55217F4F82B	2024-11-05 04:00:41.000
1	1838	he    	23830AC3-3B16-49D1-9BA1-3A8996F0FA7A	2024-07-11 03:50:22.000
1	1965	zh-cht	14ED10B6-0ACF-4D67-9760-6CC622C1F78E	2024-03-02 23:09:06.000
2	1210	en    	623741C2-74BD-4CE1-A554-1FE8C0606B4B	2024-03-26 20:24:48.000
2	1476	ar    	1451EB3E-BB1D-45BE-8633-32938460AE99	2024-02-18 22:39:20.000
2	1598	fr    	6D7B1148-6159-4EC5-B469-D106FFEF6CA5	2024-07-06 18:21:28.000
2	1721	th    	6AFCD17B-E1ED-4D7B-A695-CD9E76B327C9	2024-06-18 12:18:40.000
2	1847	he    	5E2AC850-C79D-4C3D-A61A-FF5ED290A4C7	2024-03-01 18:38:02.000
2	1974	zh-cht	8EAC26EA-E409-454E-99EE-ACE0F8663577	2024-04-26 19:27:52.000
3	1195	en    	CDA535B4-0A39-422D-9EA4-DE1635903797	2024-04-15 19:02:42.000
3	1464	ar    	9349873B-F371-4EF5-8A79-81EBAFD3FFE6	2024-07-06 23:29:15.000
3	1586	fr    	3E7C5796-70BC-43EF-B65A-3D6EC98661ED	2024-01-18 00:53:17.000
3	1709	th    	772C7181-526E-4452-B4B7-E3005144FF73	2024-04-29 18:48:30.000
3	1835	he    	8BE4D39F-EC59-4B2B-90DC-EC7F3BF46D8B	2024-04-19 01:22:18.000
3	1961	zh-cht	2CB234A2-92D7-424D-B7CB-7A2070360971	2024-02-26 12:27:41.000
4	1194	en    	A64FA151-2474-44AC-ACFA-5B8EA00B3EC1	2024-03-17 01:01:00.000
4	1463	ar    	0205CB4A-84D8-4C0D-AE64-0DCA70F9B53B	2024-07-14 17:58:04.000
4	1585	fr    	76957EBC-F576-4312-80B8-F598A560BC1B	2024-08-30 02:45:07.000
4	1708	th    	32D087F1-0352-4C82-8CA6-954C23ED309F	2024-11-07 22:56:24.000
4	1834	he    	2E7D6629-DBB1-4EFF-81DB-B1FB6EE63058	2024-08-06 02:37:38.000
4	1960	zh-cht	958FCED1-F112-463F-B45A-1D2D854776D3	2024-03-16 03:26:30.000
5	647	en    	56B6B980-C1CA-4545-A5BA-EDC4C14BDCF9	2024-02-23 07:02:45.000
5	1400	ar    	748B7DF8-9479-4A04-995E-3C6B64EB0E87	2024-09-28 13:34:33.000
5	1605	fr    	6CC243BC-B8FA-4BD2-9392-8EAD11C55406	2024-09-19 23:31:40.000
5	1639	th    	9EEC350F-B9E3-4B49-B399-9772D68C4740	2024-03-06 13:35:28.000
5	1768	he    	E361401F-4721-40D5-A4FF-C9AD4D6813E3	2024-08-02 08:48:07.000
5	1889	zh-cht	B83EC1C6-72D4-4238-AF1D-85BACC56AA65	2024-04-24 15:47:49.000
6	1090	en    	19E63143-99FD-432D-AFD7-0AFAE1866496	2024-08-23 07:32:39.000
6	1451	ar    	8E25E2D5-FAC9-4421-96B2-03849BBB864E	2024-09-06 20:37:12.000
6	1573	fr    	73681740-1606-4260-87F9-2F0D7ABAB81C	2024-05-12 19:17:31.000
6	1696	th    	79D0A3EE-A314-4315-BC97-3CEA1F9A802C	2024-12-09 00:15:05.000
6	1827	he    	87E75771-2A87-4D19-B747-3D827CBC4C74	2024-03-02 20:16:15.000
6	1948	zh-cht	4B2CCBD7-073E-4297-998A-8D19FCDCC794	2024-04-23 13:32:40.000
7	1182	en    	9180A0DB-8862-4A34-8E73-2880AE237DC9	2024-10-30 01:00:55.000
7	1453	ar    	A9725FB5-3FBC-4662-9CE4-E77DB885678D	2024-09-21 20:40:12.000
7	1575	fr    	B80E8C3B-4A65-45FD-90E5-A9E8DB628612	2024-12-07 01:16:57.000
7	1698	th    	3E56D60D-5B7E-4E22-BA4A-DEC6FF684149	2024-11-27 23:34:11.000
7	1829	he    	0C811116-16B0-48B3-9ADB-EDC1F822B614	2024-05-30 22:20:36.000
7	1950	zh-cht	50018DBD-0A1B-42D3-B258-813FE1738731	2024-03-13 05:35:27.000
8	637	en    	8DEE061D-166C-4E58-BA04-33625318DE94	2024-01-19 05:31:33.000
8	1397	ar    	5952A562-2197-4787-991F-A70C324A3E34	2024-03-25 16:43:33.000
8	1514	fr    	CB9584E0-CEA2-4D88-A083-E88596D920C0	2024-07-21 02:29:05.000
8	1636	th    	A00716BD-80C1-49AB-91D1-368A88739270	2024-10-30 11:46:05.000
8	1759	he    	5F61690C-E8E2-4A8C-890C-403DFA85C64D	2024-11-02 19:01:39.000
8	1886	zh-cht	931AE7B7-4E89-4F56-95FC-5BB4BBDA4A3B	2024-09-05 02:28:20.000
9	1020	en    	14C44869-3696-4B30-929A-3ADFFC8243DE	2024-07-30 17:35:32.000
9	1449	ar    	00CBD7EE-7D77-47D1-A925-82344A8C129A	2024-09-13 19:32:50.000
9	1571	fr    	649557CD-028E-4A1F-B5D5-71C09A6AE268	2024-09-06 14:55:02.000
9	1694	th    	B7A77A21-351B-4D99-9A47-3F936E955345	2024-04-27 05:24:54.000
9	1825	he    	5DDB3737-DAD4-4558-804D-32741AB70918	2024-08-30 16:01:51.000
9	1946	zh-cht	08D24E20-4D12-4DBD-9519-B2663F0856CB	2024-11-22 14:53:31.000
10	1146	en    	80282984-07C9-4348-940A-007707E275BF	2024-05-20 20:32:53.000
10	1452	ar    	47F60570-7593-45D1-8ABC-8DDCED190B59	2024-07-19 21:08:10.000
10	1574	fr    	F8D3C976-3D6E-43BE-9EAD-703D2896D62C	2024-07-20 15:12:49.000
10	1697	th    	76E9D226-C574-4698-8820-E53F0F9E9A08	2024-05-30 06:08:01.000
10	1828	he    	DEBC6AC1-DD65-4EF4-9A41-AD412E944CCC	2024-11-03 04:07:29.000
10	1949	zh-cht	05D6DF85-8A7B-4BE0-B0F5-7AAE148AC482	2024-08-31 13:25:42.000
11	1211	en    	03C12575-F1BF-48AD-A483-D1185D24CE2C	2024-05-17 16:27:50.000
11	1477	ar    	99CAA5AD-2E33-4C08-95FA-4A95E13864BB	2024-05-02 21:27:50.000
11	1599	fr    	000AA434-8C55-4A8E-A850-9AE32EDF537B	2024-07-20 05:58:21.000
11	1722	th    	347B3583-3099-4D56-981B-9EABEEF0D7A1	2024-03-18 18:02:12.000
11	1848	he    	70161D0B-524D-4573-9A43-E37079C12729	2024-05-25 22:26:13.000
11	1975	zh-cht	E2C27C9F-E447-4E75-8650-E24E46AE0E4B	2024-04-28 05:06:20.000
12	1192	en    	B3345C84-E8B9-4678-908D-FC3AC905CBDD	2024-07-12 07:26:31.000
12	1461	ar    	66375346-2E71-46AA-999E-83ED1EE9A24A	2024-01-06 12:30:25.000
12	1583	fr    	BAAA2C36-A723-496F-9295-DCAEAFC14E15	2024-02-08 16:58:10.000
12	1706	th    	68F5E671-261E-4C8D-A7CB-721E24807C5E	2024-03-12 04:53:15.000
12	1832	he    	1A82D539-B9FF-47AF-907B-133B37759EEF	2024-01-14 06:04:18.000
12	1958	zh-cht	700B4B17-4554-446D-B122-45160BAB2784	2024-08-31 07:48:13.000
13	1200	en    	859D7CA6-492F-4158-AF32-C6C07B1E53CC	2024-07-31 15:15:23.000
13	1468	ar    	89658BB2-AC50-4C64-A7E7-1AE80F38B838	2024-11-13 10:28:53.000
13	1590	fr    	2B728562-2BAD-4635-8B62-0F472812D80B	2024-10-03 14:22:43.000
13	1713	th    	92B65238-882C-47DD-B5D3-4939FFA7F2BA	2024-01-25 15:28:28.000
13	1839	he    	DDB24222-676A-4CBE-908E-B89C2545E943	2024-06-13 19:36:28.000
13	1966	zh-cht	FCEC1621-8619-4303-8FF7-C2859C2F492C	2024-07-08 11:02:58.000
14	644	en    	B1BC1865-A5AF-42D7-AF2F-29F3AD203CCD	2024-02-22 09:25:22.000
14	1399	ar    	0CC42172-F586-4689-A95E-A542C9256BC0	2024-04-18 14:26:45.000
14	1516	fr    	6C600604-8753-4347-8DD6-E7697FF13087	2024-11-21 07:12:21.000
14	1638	th    	F68545C9-C536-447F-AA52-03E10A75862C	2024-12-19 04:39:04.000
14	1761	he    	1BB12CEC-FA85-439B-AB8A-5CA5717A556A	2024-08-22 00:09:40.000
14	1888	zh-cht	71B4D4E9-AB5C-47F6-94F4-FEEC74893E47	2024-08-15 11:28:31.000
15	642	en    	7B1E1356-5C9F-405E-8E94-1A8D3A17E67D	2024-08-09 13:23:04.000
15	1398	ar    	BE39B97B-3BBF-4AD3-8E2C-9AD2DADE6011	2024-04-05 09:15:19.000
15	1515	fr    	2081E55B-F3E2-4481-AE59-CD2826DD1CFC	2024-03-14 23:11:58.000
15	1637	th    	4AA960B3-4CC8-4F01-BB82-989ADBD4D036	2024-03-10 04:01:27.000
15	1760	he    	389F66A0-687E-48B1-8913-C06494847F06	2024-12-01 10:12:51.000
15	1887	zh-cht	4CAD4411-964F-4303-8CCA-D87077F6E16F	2024-10-23 07:42:17.000
16	1062	en    	2D587CA9-ACF5-4083-80C9-E91B9BF2ACEB	2024-06-17 11:20:26.000
16	1450	ar    	8DEF6A11-C993-43E0-A249-F2DCB5D935E0	2024-04-27 19:37:00.000
16	1572	fr    	CFAAD98B-573C-4FEC-9FF5-97806FFEF0ED	2024-12-10 01:52:28.000
16	1695	th    	823227E2-D45B-4F55-A642-B0A2CFEFC505	2024-08-28 17:20:16.000
16	1826	he    	EB7AE31E-B63A-487A-B82D-2BE79BBFD432	2024-07-15 23:08:44.000
16	1947	zh-cht	90229102-F9C1-4917-8EFF-26BC373AB430	2024-02-11 09:37:58.000
17	661	en    	D91F0507-BAA5-4B44-A0E6-A6ACEF29F066	2024-10-24 04:25:20.000
17	1401	ar    	B37C7103-546A-49F8-9BD2-5168ED82530B	2024-05-17 04:40:51.000
17	1517	fr    	87365776-A0A1-4580-B080-B18F21D8CB1E	2024-12-04 02:13:20.000
17	1640	th    	7405171F-2B98-4C26-BDC3-A4DC7CD34C93	2024-08-04 00:40:07.000
17	1770	he    	E20A9B76-6A70-408B-AE61-3C95CD8F7311	2024-11-18 10:49:45.000
17	1890	zh-cht	E710528D-3405-4583-A330-066AE597FD32	2024-02-25 07:54:38.000
18	1189	en    	0F1A234C-5DDE-4181-B7F5-1B96D1C4D12D	2024-02-07 07:44:00.000
18	1459	ar    	B679F700-A84A-4881-8F91-81AC7E372CC9	2024-02-15 23:06:34.000
18	1581	fr    	A009D7A7-19BE-454D-8572-854286814096	2024-06-13 15:35:57.000
18	1704	th    	E827BF93-130C-4583-845C-B145ACC04075	2024-07-09 00:03:09.000
18	1830	he    	D551D929-4E57-4F6B-96DF-986D417D2673	2024-04-28 04:34:08.000
18	1956	zh-cht	DED2ECA0-259E-4F67-AD48-FD0726CA739F	2024-06-07 15:58:39.000
19	168	en    	5BA7F486-E964-4B2B-87DC-C0EDFF6BA2D2	2024-02-13 15:23:59.000
19	1367	ar    	20A03AF8-D494-4947-9C84-1E6AAEFD9D83	2024-07-18 05:58:34.000
19	1491	fr    	56981E78-1FF2-43A2-926B-A8EA7F84A431	2024-11-20 18:13:27.000
19	1613	th    	2E4C79E2-5EE3-4A0E-86E1-C402D3AD6F48	2024-02-23 04:29:32.000
19	1735	he    	318E521C-BAD3-4102-ABE7-BBFF340E0117	2024-08-09 23:26:58.000
19	1862	zh-cht	8E308A95-BCA4-4DA5-A09F-B7BD4D827937	2024-09-04 12:58:40.000
20	128	en    	F57A0614-EC87-4F51-AB3E-F889D37440F6	2024-08-25 11:04:41.000
20	1366	ar    	C00AB8B7-1451-4A28-AF77-621A2D6F0674	2024-04-23 08:24:55.000
20	1490	fr    	70B555E3-AC30-4A42-8959-339738DAC806	2024-05-02 22:04:24.000
20	1612	th    	397DB872-2266-431D-9350-7FCBA7BF0806	2024-05-03 06:02:04.000
20	1734	he    	5E6A8DC0-F36D-4268-9B38-B8B3580AF9BD	2024-02-08 16:05:40.000
20	1861	zh-cht	1261C180-B925-43EB-BE85-92DD8E43E960	2024-05-05 05:19:08.000
21	88	en    	EA6A1C4C-978D-4ADA-89ED-E671571ECBFE	2024-02-14 07:51:24.000
21	1365	ar    	F68A348A-6D3D-4CB9-B6F5-26E88ACA281A	2024-01-23 11:29:10.000
21	1489	fr    	5F8CA766-A514-46AE-BAC9-557093390EBC	2024-09-13 22:32:15.000
21	1611	th    	DFE16545-43FA-4BC3-A25E-EC9E0BDF8318	2024-07-18 13:34:42.000
21	1733	he    	87108102-C3FB-44CD-AC1A-5F11E7A8B4F5	2024-12-23 13:42:10.000
21	1860	zh-cht	0E89A594-99C7-4E09-8451-4EBF32C242A7	2024-05-27 04:58:00.000
22	64	en    	B301B583-2D7F-4C19-AFA9-01D142F8AE2D	2024-02-21 03:54:21.000
22	1364	ar    	1CE70285-A5E6-4E08-B455-AB918C63A8A5	2024-10-02 19:28:03.000
22	1488	fr    	A73F5BF1-AD79-4703-9BFE-5F6F87705516	2024-03-27 08:57:02.000
22	1610	th    	612F17FA-D3DB-415B-BCDD-02BB9F8335EA	2024-12-20 14:44:52.000
22	1732	he    	B6A32DE7-FF54-4169-8B74-FC2BE9FB8046	2024-02-09 20:54:56.000
22	1859	zh-cht	27286E95-F09D-42CB-9D01-9163A15F34A9	2024-06-18 14:07:03.000
23	8	en    	397FA9E9-EEF0-42DC-B27A-5B9A717BB237	2024-07-05 08:44:21.000
23	1363	ar    	BB1120CC-8C3A-431F-9FFF-E847032ECD4F	2024-05-20 05:29:53.000
23	1487	fr    	A96E7527-4414-43A3-B52D-26A57D0AE88F	2024-12-29 14:44:39.000
23	1609	th    	14C2A38B-A7B3-418D-8790-34E1060E06D4	2024-10-01 21:18:19.000
23	1731	he    	CBD361D0-B753-439C-86C8-11BA0ED91BB2	2024-09-09 08:43:12.000
23	1858	zh-cht	175E4C7B-A197-4D71-8D10-012F0A1ABD4B	2024-08-09 16:50:37.000
24	1208	en    	2D4D6267-B8D4-4345-BA19-9334B6BC7055	2024-12-15 21:08:53.000
24	1474	ar    	E754E396-1813-44BB-9F63-382FB1BA5184	2024-09-03 02:48:27.000
24	1596	fr    	984A725C-9095-47E3-8A2F-8BE4FF45D2C0	2024-03-23 22:39:21.000
24	1719	th    	402A9F58-B56B-4CB3-9809-AEFFB881F2B8	2024-11-02 23:13:57.000
24	1845	he    	BC7A209C-64E0-404F-8D22-8C68FBA73CEF	2024-05-29 10:38:47.000
24	1972	zh-cht	58536012-D364-4FB7-97B2-A6862807662B	2024-07-04 15:51:28.000
25	457	en    	BEAF13CB-806C-450D-AEA8-0EB70008E84D	2024-02-10 17:54:39.000
25	1377	ar    	A9C783C7-934A-4D4C-A0A3-05B64C560F81	2024-05-28 13:27:19.000
25	1501	fr    	7FB17AA5-B3A0-43FC-9926-B59EC04C6B43	2024-11-12 03:21:10.000
25	1623	th    	9609B25A-6446-4577-9894-9D7C1FAC3C7E	2024-01-10 12:42:10.000
25	1745	he    	1F7E9A2A-3DDF-4BDA-BF95-BB64E1604849	2024-09-29 23:11:29.000
25	1872	zh-cht	3A957C6E-894D-49ED-BBB5-CDEBD65ED338	2024-10-27 22:29:28.000
26	409	en    	7D6F2C6C-FE03-40DA-8599-C185FA838BCC	2024-07-21 04:45:29.000
26	1376	ar    	B07CD225-0722-4087-8B2B-67469221C809	2024-01-19 05:04:24.000
26	1500	fr    	6EF1B2F0-F147-47A3-BD72-EE4FBFF1A0DA	2024-06-14 00:03:45.000
26	1622	th    	71DD5888-EF20-4F03-AE6A-C5C3918CD8F5	2024-07-16 16:16:56.000
26	1744	he    	9824333F-563E-4DBF-BAE0-CEA9AF5DE995	2024-01-21 21:33:10.000
26	1871	zh-cht	E9EA5547-A6C7-49A2-9663-50258C303C96	2024-11-21 19:17:24.000
27	376	en    	AB93B739-E95E-4C4A-A570-B93349EA678C	2024-11-27 15:26:54.000
27	1375	ar    	30CAD35A-E305-40F6-963B-26F9C34F6F62	2024-06-01 08:21:15.000
27	1499	fr    	02C06372-BFD2-4E5C-9910-6ED0E4E56188	2024-01-14 12:58:25.000
27	1621	th    	0DD094D8-7B99-431E-AA4C-64AF858F75AC	2024-04-27 23:31:46.000
27	1743	he    	AAB952AE-55D8-4D0F-B63A-1250B7666AE8	2024-05-06 08:24:36.000
27	1870	zh-cht	A3825087-BBD7-4B91-AB17-58A0A11CF715	2024-12-21 12:49:08.000
28	337	en    	75C1EA33-92A2-4DF5-8231-9F2CE420B6F9	2024-04-08 05:08:42.000
28	1373	ar    	DF75BC13-57C3-4D23-9E59-DCAA986AE994	2024-05-30 00:17:31.000
28	1497	fr    	315893DD-6CFD-4BF7-B2EA-F784581E1236	2024-04-27 04:56:51.000
28	1619	th    	F0CF7CD7-099A-495B-8B9B-92F7A15DE173	2024-08-04 12:02:19.000
28	1741	he    	4D3B5446-36AA-471C-A46C-84B656DFC6FC	2024-01-31 18:24:42.000
28	1868	zh-cht	8DCEC26F-9931-46F1-888C-BD65BF09666A	2024-02-27 06:41:15.000
29	320	en    	8F1F70FE-F222-4F9A-88B3-EFB2AF7086A9	2024-12-14 10:50:58.000
29	1371	ar    	0DCCFDC6-2285-4FA2-B464-F9E300B6AAEF	2024-09-22 21:07:40.000
29	1495	fr    	F9DB3066-8948-400F-8E23-3192A282D1CD	2024-03-16 02:43:31.000
29	1617	th    	D204D263-B121-4B1C-B2D6-D221E4DFF515	2024-09-16 20:14:43.000
29	1739	he    	CC5FD3C0-C689-4D29-81B2-8F4D82C144C9	2024-01-16 09:39:43.000
29	1866	zh-cht	BEAD333E-AEAA-418E-9384-3D4B03956FE7	2024-04-14 06:15:20.000
30	249	en    	F254C1A2-EAA0-471E-BAD2-CB466AD8AC25	2024-12-06 20:06:54.000
30	1370	ar    	0541B106-138D-4F60-B86F-AA06696718F4	2024-04-08 01:12:31.000
30	1494	fr    	9D208817-8C6F-43EC-B88C-05886C3A2CC1	2024-04-07 10:19:53.000
30	1616	th    	0BB91A63-2265-465E-A137-C81DEAD1673A	2024-02-07 19:46:45.000
30	1738	he    	A8CCA23A-20C2-4383-8041-28219D0CEF63	2024-06-24 14:39:57.000
30	1865	zh-cht	46BEC9BE-313C-478F-8AA5-16CF295387DC	2024-06-19 13:32:24.000
31	209	en    	C44F974F-FFB2-44FE-ABAC-FAB53E7A896A	2024-01-28 15:22:44.000
31	1369	ar    	4B7A7D29-6E39-4B4C-BA3A-17C489542107	2024-06-07 20:05:57.000
31	1493	fr    	67A11E38-08F8-43CF-A6EC-B832A9B34D58	2024-02-06 15:05:37.000
31	1615	th    	465C0770-9577-4C5A-9478-1CB41327D3D4	2024-03-15 22:08:20.000
31	1737	he    	A0797B0E-021F-45DF-BA3E-A88F30F66848	2024-09-28 04:43:16.000
31	1864	zh-cht	A5269311-F092-4DD2-90DD-9238A4B60986	2024-01-21 15:12:36.000
32	1205	en    	7DD01ECF-D739-4FDF-8574-AEC55267323C	2024-04-08 19:44:35.000
32	1472	ar    	8842812E-A3FF-4322-9EE0-3120E169934E	2024-11-27 20:50:03.000
32	1594	fr    	71123DEC-1396-4C4E-80C8-3EFD3D5C13D9	2024-12-25 06:41:47.000
32	1717	th    	F6DDC164-4B8B-4DF1-B8E5-1F353ED43473	2024-10-18 16:49:05.000
32	1843	he    	BF72D28D-2A93-406F-BD2B-5BB6A0ABA2E9	2024-01-05 01:03:51.000
32	1970	zh-cht	654A32F1-773B-4465-8C7F-62601956B5C0	2024-09-10 04:16:08.000
33	1212	en    	0A1B4DEC-9A83-4DA6-83ED-D3BA6C85527E	2024-08-27 05:35:18.000
33	1478	ar    	A6C07264-2C39-47C6-BFC6-1345DEF3F8B8	2024-08-30 13:09:00.000
33	1600	fr    	F1C7E340-2CC9-4275-B71F-C0707B516A0F	2024-02-09 13:10:35.000
33	1723	th    	A1DF627D-388D-4129-A9F7-ED3D6AC7F9AE	2024-02-04 16:47:10.000
33	1850	he    	DAA14FED-FAAD-4909-859B-5F8B9A3D0A24	2024-03-13 19:12:32.000
33	1976	zh-cht	2688DDE9-3DB8-44A9-BF1E-FC5FD2658D30	2024-04-03 21:31:17.000
34	594	en    	49ECE470-9FDB-48FB-9D80-46AE0E3EF8FC	2024-11-26 23:21:11.000
34	1387	ar    	C4DF9BD4-4F8F-4CB4-BB32-9F1F540800CA	2024-10-23 05:34:01.000
34	1504	fr    	C7DEACD9-F36D-467E-9159-EA8E0B705DBF	2024-02-23 14:57:02.000
34	1626	th    	3C4C9840-861F-42D0-B9B4-EADB33FAB41C	2024-12-08 18:17:13.000
34	1749	he    	49CDF75E-161D-4791-BA53-B016AFA32E73	2024-11-08 21:01:46.000
34	1875	zh-cht	EB718102-2B1D-4C79-95C9-FEE40DC4EDF1	2024-02-18 08:48:14.000
35	554	en    	8D57B85B-1C3D-4773-B326-A62FDD1CD378	2024-05-04 12:48:11.000
35	1379	ar    	7BF8F0B7-A836-480D-BC89-9ACBCBBF8837	2024-09-09 19:23:37.000
35	1503	fr    	220652E7-47EE-4F99-9EB1-F3597520FFBC	2024-03-07 16:58:17.000
35	1625	th    	E5D4CC21-6439-4A7A-82F9-6174968CDFC6	2024-08-21 23:50:18.000
35	1748	he    	37EEE88F-A7D9-4A9C-B882-7A241723A0A0	2024-11-05 13:04:36.000
35	1874	zh-cht	5D738C2C-A588-4F76-91C1-AA234D87E9E3	2024-07-29 09:30:55.000
36	513	en    	F35F7FAC-4479-4748-81D1-7ADEC2DE9917	2024-02-24 22:28:08.000
36	1378	ar    	FCC659CE-62BF-4A1B-8404-5564A3798BED	2024-12-08 18:18:25.000
36	1502	fr    	5C1D62AA-C221-4090-B7DE-15C5F976D379	2024-05-09 11:30:03.000
36	1624	th    	53E75A98-8D87-4BD8-ACD6-5C5B871E1231	2024-12-11 01:19:17.000
36	1747	he    	56FD411A-195D-4182-AA18-327FA5580695	2024-11-14 10:44:06.000
36	1873	zh-cht	90E95302-5C7A-46AC-A264-FF10492E81CF	2024-02-26 12:12:24.000
37	1196	en    	46F1F2F9-33DC-4384-BAA9-9C70D83A44AB	2024-08-12 21:17:32.000
37	1465	ar    	2A0429D4-A173-4FA3-9488-5313AE441C45	2024-01-09 20:58:14.000
37	1587	fr    	2691D6FD-B45E-4604-B2EF-61D5ACCF47AB	2024-07-22 21:03:23.000
37	1710	th    	592041D8-FA57-4E12-852F-300B094196AF	2024-11-09 18:05:49.000
37	1836	he    	74872154-C978-4AAC-8B37-095EAC374949	2024-08-07 21:43:41.000
37	1963	zh-cht	270C734F-DCA7-4CE9-B5D1-5B50FA703532	2024-05-10 13:54:13.000
38	1214	en    	00F145C3-587C-400B-BFDA-C23C56B61244	2024-01-02 02:51:54.000
38	1480	ar    	8B3726B0-E63F-4075-B24D-91B671CB0509	2024-03-25 20:00:55.000
38	1602	fr    	982AF508-516E-4BFC-A295-A49AF9D774F9	2024-12-26 12:27:04.000
38	1725	th    	DE225A81-65AD-4806-9AAD-84FFD0B11491	2024-06-13 02:32:28.000
38	1852	he    	68F4D4AD-BDC9-4BDF-97A8-961D9899D5EC	2024-09-03 15:43:34.000
38	1978	zh-cht	6858BA59-2E8D-4602-948D-1330F0C7E807	2024-12-27 15:22:25.000
39	170	en    	4099DAC5-ECE8-475D-B29F-7BE935101611	2024-05-10 15:31:36.000
39	1368	ar    	9CF1205B-66BF-43B3-AC23-5D6A2044D6FC	2024-12-17 12:51:02.000
39	1492	fr    	90F79B7C-00E4-49DE-B9E1-4936E12990C0	2024-04-27 09:16:53.000
39	1614	th    	6FA41A8B-3657-4403-A970-A61E6AE04D34	2024-01-12 09:05:43.000
39	1736	he    	F6EF85E3-E1A3-4512-8DD6-4AD228879874	2024-03-02 17:01:19.000
39	1863	zh-cht	1356D8C1-F175-486D-9902-26E394492CC1	2024-06-25 06:34:44.000
40	321	en    	2216FA96-0360-4E28-94BE-B9CE71F7FDFB	2024-02-06 12:33:26.000
40	1372	ar    	F29609A4-708C-4D60-ABB4-D21671A8CDA6	2024-03-23 18:15:06.000
40	1496	fr    	C471B080-B84C-48AE-AD65-0C05D835A61F	2024-03-26 14:52:58.000
40	1618	th    	2D6B4AA7-1638-4178-AA4E-C50C53628765	2024-02-22 20:35:21.000
40	1740	he    	37225717-8893-4AA4-81C3-141693007AF9	2024-10-11 17:43:50.000
40	1867	zh-cht	4DFBF951-859E-4DD9-AC3E-E163FF9A2C4E	2024-02-18 04:37:06.000
41	375	en    	B7725DAB-BB90-420E-BB4D-DD03359659EF	2024-03-07 14:42:54.000
41	1374	ar    	79B37D17-6943-480B-93A9-E8D318E05649	2024-08-03 12:43:14.000
41	1498	fr    	E99B0653-C32D-499F-A651-42DF2C4AD642	2024-09-05 11:28:54.000
41	1620	th    	F5610668-5932-4EE7-8B12-D6F8B6F1B1EB	2024-11-19 13:30:13.000
41	1742	he    	5DDEC7F2-90A5-43CD-A6A2-CEFC9F8B8CB9	2024-02-26 07:36:32.000
41	1869	zh-cht	50838C11-8A66-4967-AF75-4D9DCEDE546D	2024-08-06 18:59:51.000
42	686	en    	CE3A348B-125A-4F78-AC19-50E9ABBC5953	2024-02-08 12:12:05.000
42	1402	ar    	FD87CDE4-6F0C-42A6-A49F-F1DD96EACF4F	2024-03-25 19:17:12.000
42	1518	fr    	617E1212-76CF-49DE-A934-399B84632FD0	2024-11-07 21:01:20.000
42	1641	th    	9D2BF9AD-24FE-4E14-8749-8B36F34CA923	2024-06-11 15:24:46.000
42	1771	he    	62238CF8-A9F3-47C2-87D7-E1BEC01FA351	2024-06-16 18:46:07.000
42	1891	zh-cht	97094888-20C8-4317-98EC-CB71714D888E	2024-09-08 08:38:18.000
43	873	en    	26074F0D-2571-42CF-BC13-3E5EC3477BAC	2024-09-07 14:02:51.000
43	1385	ar    	D0C384A5-BF39-4DDB-94E6-05BD2676A370	2024-10-04 17:56:56.000
43	1551	fr    	AE0552F2-3525-4EDD-95ED-25F9078B05CE	2024-06-10 17:12:51.000
43	1674	th    	93B67B8F-D6F1-434A-9A94-B530889F23E2	2024-02-27 15:47:49.000
43	1805	he    	CCE0D893-6D13-420B-979B-2850F078AE8F	2024-06-30 18:16:51.000
43	1926	zh-cht	B366D45E-0914-41DA-8537-545E65AEEEBE	2024-08-26 00:41:12.000
44	692	en    	1EB405B7-4A33-4AEC-A1D4-3EEB9826BD71	2024-06-27 11:29:54.000
44	1408	ar    	A704861E-7F61-4B8E-8104-1C3E2D7209ED	2024-06-07 05:01:18.000
44	1524	fr    	22269FD7-4F7A-4C1A-BED0-979E11CA1A15	2024-11-23 23:44:53.000
44	1647	th    	F11BFBA8-47F7-4585-9739-889055D275EE	2024-09-29 10:12:56.000
44	1777	he    	CA239BC0-3C69-44CF-8BA6-6FB065B06F3F	2024-04-30 21:00:11.000
44	1897	zh-cht	F7084F4A-9C83-4F3D-AC94-CE06634C78C7	2024-05-31 19:03:16.000
45	687	en    	3F9CD117-D6E7-4299-946C-5FD239BB03CF	2024-03-30 13:25:40.000
45	1403	ar    	3E661F11-6406-4F84-A5FE-3BE83E34B887	2024-09-20 08:35:25.000
45	1519	fr    	2B0A905F-2209-4C18-9C5C-E9A538488095	2024-10-27 21:12:24.000
45	1642	th    	C07515EF-9092-4BDD-BA2A-A49AB7FD98D3	2024-10-15 00:47:40.000
45	1772	he    	6F2F7917-4738-4D2E-88F5-D27E2D16DE06	2024-02-12 14:01:58.000
45	1892	zh-cht	F262E11C-D2D3-4B93-A806-7B22551083F5	2024-05-18 01:25:18.000
46	688	en    	6DEB6730-36CC-47B2-9EB9-8B8EEA527801	2024-10-07 14:49:18.000
46	1404	ar    	DE98728A-6998-4F69-B984-8381F4E36D22	2024-03-06 10:08:16.000
46	1520	fr    	36833117-2CA8-4C9C-AFB0-E446E9355DAA	2024-08-30 16:17:07.000
46	1643	th    	461F0481-5C55-42BD-8506-686DA930C9CB	2024-12-10 00:39:29.000
46	1773	he    	F77EF973-AF16-40B1-B46C-59F8471B47A8	2024-08-15 10:07:36.000
46	1893	zh-cht	034D429F-895E-46A7-ABC1-D5ACBE9CBF5B	2024-06-08 03:17:15.000
47	703	en    	1595321F-F565-4113-B35F-E644D21DD0BD	2024-12-28 23:03:28.000
47	1415	ar    	B9CC6728-18EF-4895-91C0-73D36437880F	2024-06-15 14:35:57.000
47	1531	fr    	574AFEE9-6361-45C0-9ABA-693C6EB0BB4A	2024-07-30 22:53:36.000
47	1654	th    	642CEFF1-BEE8-418E-AFE2-34CB82E76FA4	2024-01-23 01:10:47.000
47	1784	he    	E9926E65-FE9C-44E4-BBA4-F04AD957BA7D	2024-07-15 03:07:03.000
47	1905	zh-cht	DE749E68-FD84-4FB5-AC34-24128AB25243	2024-02-16 10:23:44.000
48	704	en    	47FB39D6-5E7C-480E-876F-7DD21DAF921C	2024-02-13 15:23:24.000
48	1416	ar    	7CB452FD-4A6D-413C-9BAE-739E0227127A	2024-06-07 14:45:04.000
48	1532	fr    	86D28231-10EF-4130-809C-5394C8C12C21	2024-05-12 08:46:36.000
48	1655	th    	35998FFA-71ED-4513-90FC-3669BBF58390	2024-11-29 23:35:50.000
48	1785	he    	DE3480F3-0DE4-4067-A815-C4530AEBBED4	2024-12-13 08:28:35.000
48	1906	zh-cht	12AE4A0A-6268-48C4-9265-E0FC359DC940	2024-07-17 11:16:49.000
49	689	en    	743DA275-F7E2-4DF6-B9E2-B9B142CF0E89	2024-03-06 15:16:51.000
49	1405	ar    	CCDF1044-A74F-4180-A0C7-FA90226BFB0B	2024-05-18 12:45:28.000
49	1521	fr    	392C712C-C062-43EE-9986-81BF8B0CFEA9	2024-02-04 03:30:00.000
49	1644	th    	495EBA18-8AA2-41F7-A417-424A7B8FFC2D	2024-07-23 23:39:50.000
49	1774	he    	80FD01F2-3DDF-4825-AFB1-8B8806A729CC	2024-01-27 04:47:31.000
49	1894	zh-cht	AAB93E95-9ECC-4C6B-8C8C-A1B71D35355C	2024-11-16 11:06:45.000
50	690	en    	0BD94B6D-1394-485D-A761-5FFF7F339DBD	2024-02-09 04:29:46.000
50	1406	ar    	DEAA27FC-F9E6-4D82-AC5E-8CAB5283D9D2	2024-02-16 20:09:43.000
50	1522	fr    	75605FD5-3B94-4570-867C-3F2AC794D5F3	2024-01-08 01:34:01.000
50	1645	th    	6148329C-8E64-4071-BB0A-08055041A433	2024-03-31 22:05:55.000
50	1775	he    	6D7EE153-502A-4957-BDF1-0C0A70D94BBD	2024-11-08 20:26:26.000
50	1895	zh-cht	202FAE3A-78F5-4E2B-A649-C2B8345F44B4	2024-06-02 01:29:17.000
51	691	en    	3E4FCF90-C1F6-437B-9D5F-C18454DA50B7	2024-04-07 12:53:51.000
51	1407	ar    	ACE5AB1D-462D-478D-9900-76050C22DCE0	2024-06-28 14:52:29.000
51	1523	fr    	E0DAD9AC-BB60-4057-A7E1-1397CEA3431C	2024-11-12 01:36:47.000
51	1646	th    	C52C6F11-C4E5-40D1-A422-F66BDADDFCD7	2024-05-13 10:03:02.000
51	1776	he    	3BB53A68-84D7-4F42-A3ED-AD735F4BC8D5	2024-05-12 06:13:54.000
51	1896	zh-cht	B9AFBD78-CD11-4AB8-A06E-6CB064C071F7	2024-04-09 05:10:52.000
52	697	en    	A7AC219F-C2F4-4038-B022-1BECD80A5A8A	2024-08-17 22:01:30.000
52	1409	ar    	FE76F15B-0E6D-45B3-9728-E2CE15AA45F1	2024-04-14 12:38:16.000
52	1525	fr    	8ADF0232-EDE9-4622-B282-8485E6B2F791	2024-01-22 11:07:35.000
52	1648	th    	AE5AB929-0E5A-494E-AE8F-1DDB3EF9C37F	2024-06-24 04:06:48.000
52	1778	he    	18D70477-ECE9-4DC4-8904-DD842967D810	2024-08-13 10:03:58.000
52	1898	zh-cht	AA056424-7857-4728-AD2A-20AA5265CB00	2024-07-03 02:57:51.000
53	853	en    	2592FFB1-CC08-4C84-BD3B-2364CF24AA5A	2024-02-11 03:34:02.000
53	1426	ar    	A36CDDC6-0E5D-45F7-9852-C63CBE5AEBA1	2024-02-25 00:51:27.000
53	1542	fr    	6AC5B23D-B0E5-4350-9446-7F16A8E7C1E1	2024-05-29 09:21:39.000
53	1665	th    	B85CF98E-B02E-45D7-BCFC-12EAD2885F17	2024-12-19 08:31:32.000
53	1795	he    	10BBC606-98EF-4B02-93AE-ADFD6AC4B59A	2024-04-18 16:28:37.000
53	1916	zh-cht	BF64CE8B-4842-4570-90EE-BD393B22572E	2024-10-03 11:05:15.000
54	698	en    	59A7D851-5BF2-4266-A47A-0E6619F5FD5D	2024-10-01 07:24:34.000
54	1410	ar    	F0B78C8C-966E-45A0-99C9-52C957AB2D9F	2024-01-05 22:11:31.000
54	1526	fr    	939014DC-7461-4E1E-9D76-9406D7EF5995	2024-09-29 13:44:11.000
54	1649	th    	4DE2CDCB-C309-49EA-A507-66DC418B62A7	2024-07-21 19:47:42.000
54	1779	he    	529ED9E9-75D2-413A-AF18-18B4CEF050D5	2024-07-03 14:42:24.000
54	1899	zh-cht	AFAAFF4F-35CF-4730-842B-816542889317	2024-12-08 12:36:02.000
55	699	en    	9DF28000-B31D-4BD1-9707-20AE219E66B0	2024-02-14 20:59:41.000
55	1411	ar    	1AD543B7-D3D4-4367-A5CC-9D25DC84E91F	2024-04-20 13:19:31.000
55	1527	fr    	CC648E40-CFB1-42CE-AB54-ACB1FF4125B1	2024-10-06 22:24:57.000
55	1650	th    	26966676-DD7B-4CE9-8DE7-79F97B8A5DC9	2024-10-28 07:31:23.000
55	1780	he    	5E1371B3-2CA6-4A44-8A04-A6A1A864984F	2024-08-18 18:54:26.000
55	1900	zh-cht	5E15F721-44BD-415C-91D9-5B9C29D4B8C8	2024-06-24 00:04:29.000
56	700	en    	9D79EACC-E63C-4D31-AB5D-6E1C40F1E924	2024-08-28 03:21:20.000
56	1412	ar    	AE95A64A-26CE-4D5B-94C3-767D9F939D80	2024-04-04 14:52:41.000
56	1528	fr    	58A6F02B-83A8-4CD5-BF5B-8816CD47BB61	2024-06-03 02:25:14.000
56	1651	th    	766538BC-23DF-450B-B18E-863BE37D15E1	2024-01-26 21:19:02.000
56	1781	he    	0849C5E4-72C7-4624-96B6-7FFEDABB18D9	2024-09-20 14:12:27.000
56	1901	zh-cht	13F24F00-E058-4B07-BCE8-E64899F32D8D	2024-11-21 03:01:43.000
57	701	en    	4A76E5BB-B095-4361-8A76-1FED075E7221	2024-04-08 15:45:08.000
57	1413	ar    	42A2ACB5-6DC4-4A22-8B49-1BDE15867327	2024-02-20 20:14:58.000
57	1529	fr    	2D6F8DA8-958C-4203-85A6-4873E0107EC9	2024-04-07 09:57:30.000
57	1652	th    	311119E0-3304-4BBB-82D6-7A327F5238E9	2024-10-22 04:17:33.000
57	1782	he    	119DA8A8-3F41-4A2C-AE43-97CB42753E7A	2024-11-30 02:45:45.000
57	1903	zh-cht	33BBFB63-C1CD-468B-8637-47C095D555DB	2024-11-30 06:46:51.000
58	702	en    	F31CAEFE-40ED-42F9-BDDA-6D4706095FB7	2024-04-29 17:08:17.000
58	1414	ar    	781E7AF0-E189-4F59-9441-6C49D8311640	2024-10-01 13:28:21.000
58	1530	fr    	656DBEC2-7452-42B4-B5D9-F9A8975D1484	2024-05-03 02:13:51.000
58	1653	th    	42400057-6E70-4012-8EFD-8C914AEEFA64	2024-08-28 06:52:56.000
58	1783	he    	37D4E9CD-4747-4B48-B451-064E401D30B1	2024-09-28 12:24:26.000
58	1904	zh-cht	C9F8DBF1-EDF3-4DF7-B4B3-FFC9D1E7C878	2024-02-23 20:01:15.000
59	744	en    	4326C1E1-B511-4CFE-936C-0990F3BBC44E	2024-03-22 12:36:45.000
59	1417	ar    	F3E5F656-EAED-4837-AE07-0E171356FDCD	2024-11-12 11:37:53.000
59	1533	fr    	9B00A944-5609-4D27-A4E0-2A2F00B188EE	2024-04-09 12:43:42.000
59	1656	th    	07781865-AA61-4C2C-9FD2-C5CEFE4B786F	2024-07-15 23:54:07.000
59	1786	he    	FE473F80-F9E9-43CF-8F4F-90BEFA4F8FA9	2024-11-19 15:33:15.000
59	1907	zh-cht	D624B194-D0F4-4EAB-9C84-5CABBFF42690	2024-05-27 15:15:25.000
60	745	en    	628E30A1-B1A6-4081-91E7-CE4BEC19F7FF	2024-10-10 20:09:09.000
60	1418	ar    	7EAE3819-8E9E-4945-9810-86CC7B8AEE47	2024-04-18 02:16:16.000
60	1534	fr    	9C8D16A5-C137-469D-889E-62C3797CC6B9	2024-04-05 17:48:28.000
60	1657	th    	A6FFB25E-889D-4841-B229-E2D9F3A2D247	2024-07-02 17:39:53.000
60	1787	he    	0E802B1B-E2A7-4234-85FC-202E15FAAC7E	2024-06-21 08:03:53.000
60	1908	zh-cht	31D12B99-58BE-4166-B1AF-B06152F5498C	2024-03-17 07:15:52.000
61	746	en    	20F4B00F-2BB9-4DE5-A7AB-C311BFF21373	2024-07-08 05:06:43.000
61	1419	ar    	EA243E2D-0A05-4624-BD2D-EABD5A944190	2024-07-26 05:43:04.000
61	1535	fr    	CF44E1EB-A293-4B77-A7DB-6F0F823696AC	2024-11-13 04:45:05.000
61	1658	th    	53B5285B-7B02-4026-9716-34A29AEA32D7	2024-07-20 13:53:34.000
61	1788	he    	9304730A-9BD6-4453-9C9A-3F0E7E821F58	2024-05-31 00:13:26.000
61	1909	zh-cht	E3C98138-FAC3-41C6-BF8C-39924E1F4F27	2024-05-16 21:28:29.000
62	847	en    	289C6CFE-22EA-4F15-84CD-360A935298A9	2024-09-23 21:40:35.000
62	1420	ar    	F1E1163A-59F4-42A9-BE8A-8D7E5DCA9F38	2024-09-11 16:16:01.000
62	1536	fr    	38A259C6-E53E-41D2-A6F3-DEDD0B93C4A7	2024-04-07 20:15:37.000
62	1659	th    	F1EB24CB-AFA2-4AB5-A3DD-7B951D03B0E4	2024-07-19 04:49:50.000
62	1789	he    	D08E606E-9E35-407B-BB92-354C17B38C51	2024-06-25 18:21:22.000
62	1910	zh-cht	88CF493F-C5FC-44E9-921A-B96983FE5D0B	2024-09-26 20:23:43.000
63	848	en    	9E7855E4-3C99-460A-BBA5-9B45486B8FBE	2024-03-22 00:44:37.000
63	1421	ar    	A96F5220-64C7-43EE-8D0E-E92A1ECAB24A	2024-09-22 12:59:20.000
63	1537	fr    	62EBF8F0-BC2C-4726-BCA0-2C7F4AEE336B	2024-07-04 23:33:39.000
63	1660	th    	193F955A-85AF-4AFB-B678-90221726456A	2024-11-16 01:12:39.000
63	1790	he    	3FF82328-CF13-43DF-9539-AD5C24D81960	2024-07-21 09:17:20.000
63	1911	zh-cht	A340BAF9-AD7E-4332-A519-1F6B87B21CA8	2024-07-28 20:38:20.000
64	849	en    	55CEFB1F-B9F5-47FC-B44D-7C0AB8167408	2024-01-24 04:48:06.000
64	1422	ar    	894D66E0-66F2-4B5A-8D97-FB7F5236FB5A	2024-12-13 21:23:44.000
64	1538	fr    	0B2C473F-5184-4AAC-B4B8-6D26D633A9B3	2024-09-15 09:23:42.000
64	1661	th    	FDC7A9D0-2AAD-4B44-987E-DD34BFFA403D	2024-09-19 18:21:45.000
64	1791	he    	FAD8014D-32C2-4CD9-BA68-21509E1F275B	2024-08-04 11:57:07.000
64	1912	zh-cht	8E0962D6-8DEC-4D1D-9D14-F0EBD6C10AD1	2024-12-24 01:37:13.000
65	892	en    	CA1C7E88-0281-45DB-9814-7E46EDC6B63A	2024-12-04 13:58:36.000
65	1437	ar    	B0939A35-C508-46FC-92A6-8B7B6916AC96	2024-09-11 00:55:07.000
65	1559	fr    	5B9690C4-F998-4044-8EA5-63126B44B208	2024-10-14 14:16:25.000
65	1682	th    	1DD08FAC-BAD5-46DB-873A-1DCA9157DDD5	2024-12-07 22:53:03.000
65	1813	he    	BC6D2069-B626-44FC-9E70-4F48D8388203	2024-12-09 19:18:27.000
65	1934	zh-cht	F179D258-0A9C-4180-A73D-AC933E27D4B8	2024-02-18 22:29:25.000
66	891	en    	2253FA6C-C07A-4075-919F-83B7ECE2E724	2024-12-14 22:48:01.000
66	1436	ar    	DE634A05-034B-4B56-AA10-8B24B0977005	2024-12-31 18:14:54.000
66	1558	fr    	A0365C0D-EB1F-4E52-87F4-DDDFCFE9A522	2024-12-30 19:32:29.000
66	1681	th    	11741AC2-72DD-4982-9A86-BEDD7C77744D	2024-07-08 01:53:46.000
66	1812	he    	6B7BE244-8F0F-4648-8090-9B7D88CEA68A	2024-10-16 08:03:56.000
66	1933	zh-cht	3E692C83-93CF-4F0C-A3BF-8A2517C0A527	2024-08-07 13:49:48.000
67	893	en    	EF4618DE-EA57-4B24-82EB-F8B4B5B097CE	2024-08-26 00:54:21.000
67	1438	ar    	AB6675AE-B939-4A7E-8B3C-1BDD6601C665	2024-12-21 11:37:59.000
67	1560	fr    	6DA141FD-8491-4D70-933A-4E23C2F3FB80	2024-10-05 18:41:30.000
67	1683	th    	F84ABEEB-DEBC-409A-BBF8-1F6840501CD1	2024-07-17 15:48:11.000
67	1814	he    	A3FCCF45-4D6E-4D3F-A949-7A9D6A0335A6	2024-05-09 11:42:18.000
67	1935	zh-cht	3371047C-1136-4DB8-B178-C0102B8A6EEF	2024-12-07 06:15:14.000
68	850	en    	40B7B7EF-0816-4BD2-A9A8-D7533D635D16	2024-06-17 07:32:31.000
68	1423	ar    	B9D5D96E-2ABA-4DDF-AB1F-9EC4B8C37C62	2024-04-17 02:03:54.000
68	1539	fr    	FC8B1447-084C-423B-9DEA-2D9783D4F9EA	2024-01-05 08:12:57.000
68	1662	th    	CE54C1B1-E010-4584-8696-71007DCA8F4C	2024-05-21 09:41:35.000
68	1792	he    	2A51395B-FCD6-4F36-ABCF-F2ED378CC900	2024-09-29 05:33:36.000
68	1913	zh-cht	076F6B30-9DC8-48A9-B24D-F70227A66C3B	2024-11-04 21:19:43.000
69	851	en    	A2EBA1D8-D7AF-4CF2-9A8C-8CC3F8446F9E	2024-08-16 00:46:57.000
69	1424	ar    	050828C0-C4B6-4ED0-BC8E-BB32984F70E1	2024-04-29 01:33:57.000
69	1540	fr    	F235206B-1DE4-4EFA-9C76-DBB723789430	2024-12-22 05:13:12.000
69	1663	th    	DBF0FBDC-261F-416F-B241-F27762A5B01F	2024-03-21 20:37:19.000
69	1793	he    	5DA8E92D-7C7C-4DD5-BFE8-33DF2AB65EDC	2024-06-28 21:41:13.000
69	1914	zh-cht	96C48F22-7159-47A1-B020-0F12D913CEC2	2024-02-25 03:30:36.000
70	852	en    	E10F7083-95B9-48DF-B50B-774665A8995F	2024-12-26 06:08:36.000
70	1425	ar    	705EEE86-C714-402D-BC29-F1638BED4422	2024-08-24 09:25:23.000
70	1541	fr    	B9FF2313-0B35-4EA2-B994-D52081559D2D	2024-08-05 22:45:58.000
70	1664	th    	4ADDDDFB-50CF-438B-BD4E-3339CA00A879	2024-06-10 08:55:47.000
70	1794	he    	5C6C6198-BE84-4D84-8DF6-325FF0691371	2024-10-06 15:50:21.000
70	1915	zh-cht	5ABD8047-6B4B-48C9-8BB9-871801C66381	2024-02-18 14:58:33.000
71	856	en    	045825A6-5F9D-404B-8EAC-8B689DC2BCFE	2024-01-16 09:45:57.000
71	1427	ar    	5D8B54D6-8D58-41FF-B4FE-CC84BC786645	2024-03-13 18:42:45.000
71	1543	fr    	3A33A09A-4B81-4E24-B026-09FE2F7F25D7	2024-04-24 07:47:32.000
71	1666	th    	B987CB27-5C00-4EC1-9C09-6458BDB62354	2024-03-01 16:48:38.000
71	1796	he    	E343DEC8-97DF-44F6-88B0-C9094148964A	2024-06-01 10:20:59.000
71	1918	zh-cht	CCCB9D57-8DC3-48F9-B529-6D1993716B49	2024-02-08 08:33:23.000
72	858	en    	E187F52F-A6E3-4BAF-9728-96C7535081A5	2024-05-13 11:43:27.000
72	1429	ar    	83C31195-984D-4D6F-B5FA-8BB8C57A7F02	2024-01-13 17:41:13.000
72	1544	fr    	77117A9F-3529-4E90-965A-17F306A5A6C7	2024-05-29 04:10:34.000
72	1667	th    	FA9F34D1-791A-4328-A22E-240B79285B80	2024-11-20 04:55:09.000
72	1797	he    	ABC17ABF-7243-404E-906F-47C1F3CCA18C	2024-06-23 01:18:51.000
72	1919	zh-cht	35192806-FFD4-4F69-AC2B-0C58DFAE5CA2	2024-03-10 08:30:01.000
73	867	en    	539668E9-97E1-4EAF-98C9-3A883FDC2C86	2024-06-03 16:23:16.000
73	1430	ar    	E82EB968-D39C-46DA-887A-C79758A47174	2024-02-23 21:28:55.000
73	1545	fr    	55CB3806-D995-4BD8-98D5-224E01B5E89E	2024-03-28 13:13:57.000
73	1668	th    	080A44B7-2A1B-43EC-A27D-A4241B9A972C	2024-10-03 21:19:13.000
73	1799	he    	85EFFF9D-9B88-47E5-B831-FE929A7C2918	2024-11-10 00:58:25.000
73	1920	zh-cht	A17F5F97-178C-4261-97A0-CE42DBB2F9BA	2024-05-10 19:36:44.000
74	868	en    	1D9E860F-717F-41A3-9FC6-944240D747D6	2024-07-30 00:01:53.000
74	1380	ar    	8DB2EA61-4B7F-4F6B-9670-3126B8C9F32E	2024-08-06 12:05:04.000
74	1546	fr    	1270D535-3074-4E86-8066-059E575E9C61	2024-04-03 12:03:07.000
74	1669	th    	942E0C67-3C5D-4ACE-9F53-7BB82DE2D109	2024-08-06 20:40:55.000
74	1800	he    	16A32703-B8FA-4DF6-A2E2-82D15E32D0E0	2024-11-02 10:30:06.000
74	1921	zh-cht	7B8C3033-A86F-4FC7-A235-5178ABCB5A0E	2024-07-25 18:50:44.000
75	869	en    	B9C5D35D-B3A2-4940-83E7-A91343F80CCD	2024-03-01 21:56:18.000
75	1381	ar    	CDF7FC5F-ECF3-4A9C-910D-A3DABC805FD4	2024-02-16 11:41:39.000
75	1547	fr    	2E80F07C-2F9C-4E4B-9D37-D04CAC588008	2024-07-11 19:36:26.000
75	1670	th    	51A3EB64-1DE3-4CF6-BB37-8804E5CC83CA	2024-11-08 11:18:39.000
75	1801	he    	E7C06F3F-4713-4DF5-9456-5AA024A04F6D	2024-11-08 20:06:15.000
75	1922	zh-cht	1366638F-4422-409B-8868-4A029CAD4D69	2024-09-08 08:03:06.000
76	870	en    	F4023545-83E7-4CC5-8C5B-5279537E25C3	2024-03-22 01:22:37.000
76	1382	ar    	A1171E59-E086-4E69-9B82-0C523AF205B0	2024-02-26 11:36:59.000
76	1548	fr    	C64EBC35-9F5D-4208-8390-EF90B706E71C	2024-09-20 00:18:33.000
76	1671	th    	036126D9-CB36-410A-8344-F50A5C133EF8	2024-10-28 01:48:38.000
76	1802	he    	36B5EC26-399A-42D4-9E59-4442D637A191	2024-09-02 16:40:41.000
76	1923	zh-cht	89F07130-2A4C-477A-B7E7-EC746DEE5856	2024-05-04 01:44:26.000
77	871	en    	951091BE-EED9-4ECC-A1F8-5F891DD70184	2024-12-26 01:15:31.000
77	1383	ar    	F7153EB2-3E6E-40E4-97A8-56C80D84704F	2024-06-11 03:13:50.000
77	1549	fr    	441DE1CB-90D8-4C4F-8BDB-8A063757790D	2024-07-09 05:02:04.000
77	1672	th    	7EDD0259-6F61-428F-A61B-8BCFC82AF0E7	2024-10-30 11:13:38.000
77	1803	he    	E8F43AEB-A25F-4D7C-A6DC-8F5E9E23B4A5	2024-03-18 08:14:06.000
77	1924	zh-cht	3A6FE49C-DFCC-43DE-BAC7-9CA5B2E52575	2024-07-22 05:53:55.000
78	872	en    	96B17C9C-6199-450A-89B5-D0C2041D9434	2024-06-18 18:07:06.000
78	1384	ar    	DEA78314-34A3-4ADB-97CE-417BDB4B3197	2024-08-25 01:24:25.000
78	1550	fr    	39BF939B-53A6-435E-9D0F-54166EFE01B1	2024-07-12 06:09:08.000
78	1673	th    	E6F8DC32-982B-468E-9CC1-5F6EC803CEE1	2024-08-18 03:23:01.000
78	1804	he    	1F75C96C-5CA0-4F68-8063-CC59BF5A9340	2024-02-18 08:17:48.000
78	1925	zh-cht	54B0DF04-7045-4F7B-B6B8-32A87FA5E6A0	2024-06-26 15:01:50.000
79	885	en    	0BA1018C-E486-4B20-BC82-444E77EA1D74	2024-08-31 14:37:17.000
79	1386	ar    	3438B7BD-02BF-40EB-9789-B33D968E9286	2024-06-12 19:08:10.000
79	1552	fr    	3AAE19A7-92EE-4C76-8BDE-D70A6F5E25FB	2024-12-27 10:48:31.000
79	1675	th    	9D1FEDCA-8538-450D-8A7E-93ED0601B6D9	2024-11-18 19:25:45.000
79	1806	he    	C97FEEC0-4B78-4A32-A984-EE8637F21284	2024-12-02 08:48:59.000
79	1927	zh-cht	E660FAA2-9577-4E29-B63A-A91742E5590E	2024-03-11 07:20:58.000
80	886	en    	1C5756E7-04AF-48C5-BC6C-D432A247D8EB	2024-05-06 13:49:28.000
80	1431	ar    	09601B52-B89E-407D-A07F-1B08C23B296B	2024-02-07 02:27:33.000
80	1553	fr    	AEA474D1-AE26-46FF-B15E-AFA2E4447B4A	2024-08-03 00:00:49.000
80	1676	th    	55298E71-BAE5-4B1C-BF76-EDC1A9E25810	2024-08-06 06:24:55.000
80	1807	he    	851CA7FB-603E-425B-9A00-9156D22DF281	2024-09-19 23:07:16.000
80	1928	zh-cht	77449D80-0C19-4544-8A73-A92D7ABC0122	2024-08-06 20:33:26.000
81	887	en    	44B4A38F-CD96-4093-9EAD-4B14381D069B	2024-04-11 00:52:20.000
81	1432	ar    	4BA2292E-5D33-4106-8032-AA6B5EF78D28	2024-04-01 13:58:01.000
81	1554	fr    	821EB1F5-B6D4-4749-94C8-F901EB0B3B42	2024-01-29 17:00:57.000
81	1677	th    	0FF9BC2F-DECF-455C-8942-5E95734724DD	2024-07-22 07:43:19.000
81	1808	he    	24A035CA-E1EB-4403-AE79-B01E7D9BAE94	2024-06-17 04:51:30.000
81	1929	zh-cht	71AF8CBB-C0C0-48A7-B70E-19E3AD656C3F	2024-05-10 15:46:13.000
82	888	en    	EA6AC352-30DD-407D-840C-F1BF9D17F496	2024-02-25 08:20:36.000
82	1433	ar    	88FDAA32-AFB1-44EB-9CF2-C5C2097CBB6E	2024-08-17 18:22:37.000
82	1555	fr    	A377CE32-BE45-443D-9707-828350B6165D	2024-04-28 16:14:52.000
82	1678	th    	B9FA58DB-668A-43F7-98EE-0CB4F2137245	2024-03-27 02:52:41.000
82	1809	he    	82129BDA-3D3C-48AF-A3E8-855FEC347D78	2024-06-17 06:59:27.000
82	1930	zh-cht	C45E4326-0DE2-486B-A882-5436B6092E43	2024-07-28 19:46:58.000
83	889	en    	39208A45-E2AD-4A76-9D3B-587FBE78B133	2024-02-06 18:14:16.000
83	1434	ar    	B0193A89-1392-4B4A-8F32-2135B058D83B	2024-02-10 16:11:36.000
83	1556	fr    	1C4D8B7B-C85B-4C05-8338-A8610A149EFB	2024-09-06 03:09:05.000
83	1679	th    	5C065109-1DA2-4B1E-BD71-EEA3EDC2C967	2024-06-06 06:37:00.000
83	1810	he    	282C6664-CC8F-46A7-8938-4B3A1F6AB6DD	2024-04-16 21:22:12.000
83	1931	zh-cht	3F2368C1-275D-485F-AA82-8DF727359DC8	2024-03-14 02:58:06.000
84	890	en    	51613460-F62A-44F9-8A51-A00A7ACD8196	2024-02-28 04:55:59.000
84	1435	ar    	5EE299E2-BBA2-491C-8693-3F66B6B0B478	2024-07-25 07:45:59.000
84	1557	fr    	57B19EF0-A0F6-42C0-B7D5-422309F948B7	2024-01-01 19:20:32.000
84	1680	th    	88E827AF-D029-453C-BB02-A8BF3DC1AD2B	2024-02-25 20:14:11.000
84	1811	he    	D977B28E-106D-48A8-876B-05E3745D2C9D	2024-12-13 20:08:21.000
84	1932	zh-cht	D6C5EC9B-0D77-4741-AECB-7F220EEA241F	2024-12-30 04:57:34.000
85	903	en    	D311B86A-73D9-4EEF-865E-D17D4F2989DB	2024-02-15 01:58:03.000
85	1439	ar    	305B8D99-3CA4-4594-B6C5-0E51F9734A6F	2024-01-07 23:20:08.000
85	1561	fr    	7D4AA52C-B24E-4D67-A098-1CD3F0ABBC43	2024-12-29 08:11:02.000
85	1684	th    	FF897A53-844D-4BAD-B8F9-48891E558C2C	2024-06-20 07:29:05.000
85	1815	he    	6EBB2094-8986-440E-A3E5-C2CCE30CD585	2024-01-22 14:48:56.000
85	1936	zh-cht	072BD6F9-BDD3-429B-9220-8547B9E549A4	2024-01-04 18:22:22.000
86	904	en    	E0E4A8B0-FE33-4E16-97D4-C0A138964254	2024-06-25 23:36:21.000
86	1440	ar    	9852889A-0091-4EA1-996A-4F4561323B1E	2024-07-20 01:56:24.000
86	1562	fr    	84284483-1460-4978-82B5-1C39F3FF32D4	2024-07-05 09:51:51.000
86	1685	th    	C55782CD-0BE0-4937-8E57-F3F28A1FD1A2	2024-02-17 01:22:40.000
86	1816	he    	CECB55CD-781C-4C8C-8342-BB4E41F4CB17	2024-08-02 14:07:39.000
86	1937	zh-cht	6E4B51F8-9D44-4D8D-A709-96600A93A570	2024-01-19 14:52:17.000
87	905	en    	1A41EE3F-D601-4383-98BA-FEC1712916CB	2024-12-14 06:29:51.000
87	1441	ar    	16180E4D-B6C1-456B-B5C8-101C60ACB2DF	2024-08-30 08:32:32.000
87	1563	fr    	D8EDAE56-2612-4A96-89B4-AF565798774E	2024-04-27 23:54:32.000
87	1686	th    	31E47C7B-C392-47A6-8F72-48A56164A9DC	2024-07-25 04:56:07.000
87	1817	he    	014EB474-CDA3-4FD7-A16A-22A1D3766A01	2024-10-13 23:38:17.000
87	1938	zh-cht	CA096A6C-F4D8-4596-96DE-A057849164E4	2024-11-26 10:10:53.000
88	906	en    	33DDFC48-EE65-47AD-9848-AA1EEF8C7AB1	2024-09-05 02:08:08.000
88	1442	ar    	6EB19B5A-EC59-406E-9E95-9C4E14304A06	2024-11-02 18:25:40.000
88	1564	fr    	D538686A-A86D-42A9-A12D-65F7ED13E4AC	2024-10-15 01:09:49.000
88	1687	th    	FF18E53D-72FA-48D3-BF34-03CC807EEEFB	2024-12-06 00:56:10.000
88	1818	he    	EC20F340-5E99-4360-86D1-543273A1EE7D	2024-03-21 16:35:17.000
88	1939	zh-cht	FCBC7A0E-7845-4129-A124-286DB845E9C7	2024-02-25 10:14:38.000
89	907	en    	E726CB34-375B-4B7F-8E66-A7CBD5B75194	2024-09-15 11:56:50.000
89	1443	ar    	FF5BDFE5-F40A-4E66-BA7B-42142824AB6D	2024-10-20 10:43:19.000
89	1565	fr    	0BB75E40-68D7-4A84-8D20-6D52C2DBB9B2	2024-03-28 07:05:08.000
89	1688	th    	5D627595-6F92-4744-ADF6-D30D8ADB3AFB	2024-07-02 16:13:03.000
89	1819	he    	AA2FBA7C-0A02-4960-8067-D9B39F883D9E	2024-11-22 08:04:49.000
89	1940	zh-cht	6B514630-1797-4B31-8292-BDFA8F1682F5	2024-05-01 18:07:06.000
90	908	en    	8520E5B6-0AC2-4C10-AC7A-CC40BD9235A4	2024-12-14 03:39:25.000
90	1444	ar    	1FFB97B0-1539-4766-ADFA-BA9F24A35E36	2024-04-15 22:09:50.000
90	1566	fr    	1925C1B1-B5A6-42B1-BCE5-00EBAFD84316	2024-08-19 23:05:16.000
90	1689	th    	75503666-E806-4AF0-BB20-F3F160D56D2A	2024-06-09 21:52:19.000
90	1820	he    	46B9F54E-5543-41F2-A06B-607BC98B5284	2024-12-26 20:32:08.000
90	1941	zh-cht	9355E0F3-395A-4B3C-8D90-FD540F8984B5	2024-08-18 03:18:57.000
91	909	en    	009B7AAA-9546-4D03-8F77-662F06212AA0	2024-11-05 10:27:56.000
91	1445	ar    	D77F00AC-04FD-44AC-A44A-4D8A59E8041D	2024-10-26 00:37:57.000
91	1567	fr    	82E16E23-56C1-4C7D-88CE-9543219515D1	2024-03-25 14:33:21.000
91	1690	th    	C15D1793-55C5-4837-ABC3-9F55DED11A16	2024-01-16 17:12:03.000
91	1821	he    	7159B191-11F3-4639-9EED-1E9C0F5E4709	2024-02-06 21:29:01.000
91	1942	zh-cht	C9A6A0C3-B231-4931-856D-AA6903CB0F51	2024-03-27 06:17:52.000
92	912	en    	96EEB9A2-E6F7-4794-8CD2-71D683A386C6	2024-11-16 23:19:16.000
92	1446	ar    	03FD1C88-7DAD-49DF-B1E3-82B421E64A28	2024-09-12 14:04:09.000
92	1568	fr    	2A7D6293-84BB-468D-A4C2-934E2E94DF40	2024-07-18 00:03:47.000
92	1691	th    	F081BF7B-63F9-464D-88D2-E247138F981E	2024-09-04 08:19:44.000
92	1822	he    	60C7A0E4-3649-4318-B5DD-7FA717F47D9C	2024-09-13 20:16:16.000
92	1943	zh-cht	706D9697-F604-4864-AAD7-382CB73640F8	2024-11-07 20:37:09.000
93	913	en    	4CCEC2E0-A9B8-4F40-9FA7-AEEAECA0A45C	2024-12-05 02:01:48.000
93	1447	ar    	C4588232-80DD-42CF-9227-A55550A0270F	2024-08-05 23:51:11.000
93	1569	fr    	C54624C1-AC95-4F8C-B025-1F8D08233AEF	2024-12-28 03:37:00.000
93	1692	th    	E924ACE2-E8A7-40C5-B601-3E094CD2D939	2024-10-19 13:14:38.000
93	1823	he    	80C6AC06-DFB9-4B3D-A14C-FC31875B7164	2024-03-19 14:19:15.000
93	1944	zh-cht	6C85FBF6-C8C2-4A7D-8851-8C3220A6EB5E	2024-02-12 08:08:07.000
94	914	en    	1031E0EE-0A45-4962-9201-A2AC6D6EB6CB	2024-08-18 14:46:35.000
94	1448	ar    	B139A9DC-ED0B-47E0-92EB-80D9F3E6318E	2024-01-29 16:50:34.000
94	1570	fr    	8ADDF494-BF5C-4144-966F-7718248DE865	2024-04-08 06:14:04.000
94	1693	th    	0D312E68-EAFF-4F9D-AF50-9938292ABB2C	2024-03-17 12:26:33.000
94	1824	he    	3F2FFAB0-D13A-4834-8925-FED055967A49	2024-09-12 14:49:55.000
94	1945	zh-cht	8DD6CF6E-62C9-4332-83B8-97CE1C8D36D7	2024-06-25 13:07:53.000
95	3	en    	227F9940-9BA0-4EE2-85E7-519C6647B75E	2024-08-26 09:59:13.000
95	1360	ar    	97B0C5A6-AFCA-48F0-82C6-EF89482EEBB9	2024-01-17 09:54:53.000
95	1484	fr    	A855034B-8B83-4481-8E43-ACBA7DA5515E	2024-09-13 20:44:57.000
95	1606	th    	E010024E-B7D1-4F08-901D-AC6209D852C0	2024-10-03 22:59:18.000
95	1728	he    	C476D590-2386-4B8D-988B-A8A012A587A8	2024-10-02 03:54:33.000
95	1855	zh-cht	E617F14F-4954-485E-8AE2-F9503B8292C0	2024-07-14 18:02:12.000
96	4	en    	91E474B0-3EA1-410E-8B24-0B81358DA2F7	2024-10-18 19:09:23.000
96	1361	ar    	7A76D88B-3433-4811-B1C8-91128F1AFDB0	2024-07-22 02:14:47.000
96	1485	fr    	0FECECA5-1E2B-49FC-9E90-7EDBA96DED64	2024-05-29 14:08:53.000
96	1607	th    	848C95C1-481A-4DE0-9ABA-5CFFC6A2D7B7	2024-11-17 08:22:10.000
96	1729	he    	D5916912-3C6F-416B-853B-DA9A732B70EE	2024-05-13 23:10:32.000
96	1856	zh-cht	176D6902-68D8-45EB-AF2D-0CB0C881A6B5	2024-01-29 01:10:53.000
97	5	en    	99F82437-85F3-4765-A77D-2607BFA58941	2024-07-04 12:17:49.000
97	1362	ar    	0DF3780F-65E8-48CA-942F-7FA0006F3863	2024-04-04 23:18:35.000
97	1486	fr    	A85F159E-FA33-4886-9A3E-957D045611D2	2024-12-07 04:09:09.000
97	1608	th    	88247412-029C-4ADF-962E-585C5C33AEB2	2024-06-19 03:39:27.000
97	1730	he    	4383759A-601F-4A98-B818-2E609A2D21C3	2024-01-07 14:24:09.000
97	1857	zh-cht	3566BD7D-E9D3-4E8E-9C6F-14627401AF4E	2024-07-31 18:58:36.000
98	613	en    	B9682066-3265-46AE-8D6E-5BD0B7F4796A	2024-06-26 06:59:49.000
98	1388	ar    	1F41714C-8F53-4045-99F1-363303C132CC	2024-05-30 03:24:38.000
98	1505	fr    	FB2FD220-DA96-4876-B480-DA247D45B8AD	2024-02-05 21:34:26.000
98	1627	th    	6713D0C9-400B-4117-870A-DB27EE8D077B	2024-06-27 20:58:05.000
98	1750	he    	AC524EA9-5E4F-4865-BE86-2D2CA8D47D76	2024-12-07 14:57:40.000
98	1876	zh-cht	74E15BC8-11B2-4904-B0FD-097425051997	2024-02-23 02:09:19.000
99	618	en    	6C88D673-39FF-4FB2-AED4-D1A98A38DB26	2024-05-24 17:54:07.000
99	1389	ar    	3536E037-01D2-4772-A435-ACF284B9F6DD	2024-02-06 14:46:36.000
99	1506	fr    	3988D918-5A7E-4378-B5C9-63BD8CEC1D52	2024-12-23 19:57:42.000
99	1628	th    	B49A2DA2-83C1-49FE-9104-2CD3B5B8E657	2024-07-31 09:29:42.000
99	1751	he    	54F8351C-27F6-40BE-8B6E-8044A2B69821	2024-01-23 20:33:51.000
99	1877	zh-cht	9DC531AC-31C8-4B07-8CD1-EE85DF656E44	2024-09-30 21:47:49.000
100	619	en    	A499456A-FE40-45A3-98A4-AAA240CCBFAF	2024-09-19 14:26:09.000
100	1390	ar    	4B7B38D7-3B5C-423A-9539-6DF92B34CEC4	2024-06-09 11:42:09.000
100	1507	fr    	766D71FC-5A30-453A-9035-5CBBC0FCFB99	2024-02-02 09:26:29.000
100	1629	th    	31A013E2-DEF0-42CC-A64C-76A2128F015F	2024-07-08 08:35:30.000
100	1752	he    	782DE849-77D2-4D74-8BEB-A569FE20173E	2024-06-07 09:32:19.000
100	1878	zh-cht	355A7654-B868-462B-BC2E-BA960C2B55C6	2024-03-03 10:45:35.000
101	620	en    	68F3921E-C1A4-4C60-9478-7BC4286D66CB	2024-08-02 10:31:22.000
101	1391	ar    	31C16511-5D84-4DB6-A4DD-040201DC1393	2024-05-17 08:00:34.000
101	1508	fr    	9EA5126A-017E-4BC9-B851-A4083D40B324	2024-04-20 16:55:15.000
101	1630	th    	ABC81D0F-1032-43AC-B20D-B9B5A7076AD4	2024-10-06 19:20:31.000
101	1753	he    	3AB80E4F-89AC-48C8-910A-A65F2F445B90	2024-01-07 13:42:35.000
101	1879	zh-cht	8089B8B9-F2C9-4926-BF2C-CF1524D4FDB9	2024-10-25 08:02:34.000
102	627	en    	5B74C2C4-D71A-4D8D-9DDB-E376816FBF21	2024-06-01 01:21:26.000
102	1392	ar    	93AC1A37-4021-4251-87B1-FCA9A873ED9B	2024-08-10 20:56:09.000
102	1509	fr    	A72F9088-EF86-4FD2-AA13-EFBB1AAC404B	2024-04-10 22:19:19.000
102	1631	th    	A8483F8A-0732-42EE-B79A-AB74C681FE84	2024-05-12 22:38:49.000
102	1754	he    	06C46A95-A481-4565-8DB1-170D10AB32E0	2024-04-21 04:13:06.000
102	1880	zh-cht	3A99B75D-D891-419E-AB4A-1A7EFD0038AE	2024-10-23 15:09:09.000
103	630	en    	035F5B8E-7728-4412-BA63-0CEA7CD79A6C	2024-11-03 00:53:21.000
103	1393	ar    	8ED6F14C-B492-417A-BD9F-6E5AF4D118E0	2024-10-06 09:09:06.000
103	1510	fr    	83B25658-4554-4679-AE8D-F31A506356EB	2024-04-08 11:13:26.000
103	1632	th    	FDD2944D-5EF6-4173-BCEC-3AB3B6F22461	2024-08-04 01:16:32.000
103	1755	he    	A3FDF364-8CD6-4684-9038-20F7F76B5AB1	2024-02-02 02:07:00.000
103	1882	zh-cht	21E8CAC4-8D0E-4ADE-988C-52F2E8FC1013	2024-02-07 21:20:33.000
104	633	en    	E412A314-0039-4F3E-9457-A036C491E506	2024-02-26 12:59:41.000
104	1394	ar    	55CF34A9-D55C-4858-99F8-0C691917C7BC	2024-03-30 04:35:35.000
104	1511	fr    	A3E147DD-97E9-450C-A5FB-990CE93EE908	2024-02-09 11:41:03.000
104	1633	th    	651C43D1-8174-46F4-9860-6823D7834D79	2024-12-01 11:11:19.000
104	1756	he    	9DB33BD1-9E9B-49BF-BC8C-E29D0A8CAF09	2024-11-10 04:20:14.000
104	1883	zh-cht	FD169D23-213B-463E-AEFB-A741AF9DC62D	2024-09-14 06:40:46.000
105	634	en    	8888D4CF-6844-4EB9-B8E3-AD1EBA7B4F31	2024-03-02 01:40:58.000
105	1395	ar    	C340663E-ED24-458C-B086-8263598E0B03	2024-09-21 21:57:19.000
105	1512	fr    	CD302B01-53F0-4100-86D7-F42AE6B081E8	2024-03-23 22:43:03.000
105	1634	th    	72EB8D7C-41B2-4D88-94F0-5B129DDF6DFB	2024-03-21 17:22:22.000
105	1757	he    	47DB7304-B206-46C1-BF7B-87492DD6CA1F	2024-12-23 14:19:13.000
105	1884	zh-cht	3BFA1EAA-01AB-4B84-BF7A-C531EDD41374	2024-05-20 10:24:23.000
106	635	en    	701B0F8B-98D0-48F3-B712-598940F872AF	2024-05-13 03:10:58.000
106	1396	ar    	BBED1BE6-15C7-445D-A71C-41D0F6921992	2024-01-13 21:43:50.000
106	1513	fr    	0167EC71-BAB0-458F-8ABA-EA01EA43AFD8	2024-08-21 11:59:44.000
106	1635	th    	284B8A07-645B-48EB-B4C0-F8EAE2A44DDB	2024-04-06 06:09:04.000
106	1758	he    	F21B5E41-EAB4-43DC-B865-5ED728E3F23C	2024-11-11 12:19:48.000
106	1885	zh-cht	2C03D79B-7AB4-4807-8200-1EAC887C941F	2024-02-18 09:51:17.000
107	1213	en    	9A106600-E549-49D5-B770-919AA678138B	2024-06-25 12:35:41.000
107	1479	ar    	0685711A-700F-42A9-BCA8-9DB0EEACEE31	2024-11-20 07:04:56.000
107	1601	fr    	497019C8-2E1B-4F62-A035-0B354BF817AB	2024-11-04 05:09:26.000
107	1724	th    	CC3AAA9C-FE95-4D50-A7E0-39D5A361F8E9	2024-08-25 07:01:02.000
107	1851	he    	59A74B8B-B966-4AB7-83D5-5E45CC4DF917	2024-04-12 19:32:58.000
107	1977	zh-cht	68FCE841-ACF1-4A81-90F7-F3D48285E78B	2024-07-14 17:51:55.000
108	1183	en    	E8FC55CF-BC21-4428-B7CD-52431586CD06	2024-07-19 12:44:07.000
108	1454	ar    	7911F28C-D8DD-42E5-8C23-C30ADEA01424	2024-07-29 05:14:49.000
108	1576	fr    	52D0E73D-BFBF-4CD8-A8B8-52FC0AF423D8	2024-05-21 16:55:55.000
108	1699	th    	5D7DAAB6-4E6E-4489-8413-800FB33B4D0E	2024-08-22 05:32:40.000
108	1763	he    	32E6214A-529D-4DFB-8995-07F3155C0DCD	2024-03-21 15:23:59.000
108	1951	zh-cht	70892E03-B692-4C16-AD40-518F609FA540	2024-10-13 13:25:45.000
109	1202	en    	519D377E-E701-4906-9CFC-F5115595FE92	2024-05-09 08:46:30.000
109	1470	ar    	76C56E01-300D-4F26-A387-A4D3AB7D789B	2024-06-15 11:19:53.000
109	1592	fr    	31ECB01E-3F27-44D0-8D55-B03BC6132880	2024-05-29 08:00:48.000
109	1715	th    	33FCE648-2866-4FDC-8811-E0B4D2B963BB	2024-11-23 09:58:59.000
109	1841	he    	7C99DAA4-789A-4977-946E-179B4D1ED550	2024-11-02 01:34:37.000
109	1968	zh-cht	F697CE91-5715-48A5-A0E8-8B45B7883903	2024-07-03 17:36:23.000
110	1203	en    	B4B11F08-3F83-4B4D-911E-76BFC2961825	2024-04-08 22:24:58.000
110	1471	ar    	3AC4F0D7-4CFC-4CBE-A4AA-EB4CBC4A03C6	2024-11-10 22:45:48.000
110	1593	fr    	DAE1F5A8-793C-46E5-92FA-81CDAE92651B	2024-02-12 15:21:50.000
110	1716	th    	47B3381A-C119-4D28-87CC-ED3029971362	2024-04-27 16:13:47.000
110	1842	he    	CC2C867B-3387-420A-8704-EF4CEEF84F95	2024-03-26 01:16:23.000
110	1969	zh-cht	4D514A31-F62B-4543-8AA9-1261AA90A7A0	2024-11-07 15:34:42.000
111	1186	en    	45E6E0A5-40C9-4E1B-8915-59F4DF737BF5	2024-03-13 03:11:13.000
111	1456	ar    	AA6FA2FA-6FF5-4487-8022-90A05287EFEE	2024-01-31 03:14:37.000
111	1578	fr    	CDF6EFAB-F8B7-45B1-836D-E188C2E3CD5F	2024-05-03 11:36:09.000
111	1701	th    	61145DCB-A507-429E-A6C8-CAC27E17E369	2024-06-25 00:50:21.000
111	1765	he    	B294DA65-21F6-4765-9642-4E59C8F055CE	2024-11-25 21:20:39.000
111	1953	zh-cht	369515A9-02BB-4A32-ABF0-B788CFE0001A	2024-03-27 21:59:52.000
112	1209	en    	0726A061-6B4F-48BB-B71D-3B77145F860C	2024-04-20 10:12:02.000
112	1475	ar    	C6FF102F-EF33-41FE-B78B-4F49402C1E4B	2024-10-29 09:33:21.000
112	1597	fr    	1E02F41E-DB39-4CE9-819A-8FCE9DDF2B04	2024-10-25 21:07:29.000
112	1720	th    	F4B6BC1B-9CF0-42A7-B705-29B662C1A547	2024-02-22 23:46:15.000
112	1846	he    	9FB40500-C721-4781-868F-88CEB6EA3007	2024-08-06 22:39:16.000
112	1973	zh-cht	DAAACD37-17D8-45AF-B000-AA602D38FA4B	2024-10-07 17:35:36.000
113	1185	en    	AD0EE1F1-AC9E-42C5-BEC5-47C6411ECF2C	2024-02-19 10:07:33.000
113	1455	ar    	D775358A-17AF-4C73-A057-CD431D2AFB4F	2024-08-02 02:48:48.000
113	1577	fr    	C0669D5C-2F83-447A-8D0B-EC622697A39B	2024-09-09 11:31:49.000
113	1700	th    	CD826840-CFA4-45CE-80EB-E96034174F26	2024-02-11 06:22:33.000
113	1764	he    	BE74CB26-C5EE-4665-ABA1-E018113D9B2E	2024-05-18 04:14:46.000
113	1952	zh-cht	30AF57DC-C1E7-42DD-B728-8E68C2D4395E	2024-03-17 18:51:41.000
114	1197	en    	913A5C45-EC06-43CD-BE09-A08A37EDB575	2024-03-10 08:08:07.000
114	1466	ar    	327F0F17-4B1D-478F-8780-776D9C02A0EC	2024-06-23 13:17:10.000
114	1588	fr    	09989804-2296-4C3A-AFB1-A7A33D6758C9	2024-09-23 08:56:03.000
114	1711	th    	84A45F47-2D20-4872-9D06-D42B8B9A8F03	2024-05-15 18:12:28.000
114	1837	he    	8FB6493A-8DE9-49AA-8C98-DF76AF8B317C	2024-07-16 01:21:55.000
114	1964	zh-cht	BF50D509-4D09-4FC1-9842-11A267694970	2024-02-18 03:59:08.000
115	1216	en    	95C460AB-3ECE-49FE-9EB4-1E201D48578D	2024-08-17 05:11:39.000
115	1482	ar    	CD6ADDE7-7823-41CE-AFA9-CB5F56961624	2024-09-28 19:15:42.000
115	1604	fr    	AF1A8A9D-5E93-4403-883A-51C5B38BAA3A	2024-02-17 08:42:39.000
115	1727	th    	3E17A561-D7AD-493D-8246-4EEE71108B3D	2024-07-08 07:22:34.000
115	1854	he    	E99275BB-7E8B-4BA5-ADD8-606A8BC5D1E5	2024-05-30 02:46:28.000
115	1980	zh-cht	60A428CB-5494-4DB8-852A-54CEA601A5ED	2024-05-31 21:20:28.000
116	1191	en    	2D845593-AA88-48D7-B145-3701BD52EAF5	2024-06-13 18:03:39.000
116	1460	ar    	340634B9-D28B-4ACE-8E81-8FA91BFE1116	2024-09-02 06:00:54.000
116	1582	fr    	76FE3FFD-7131-4CC9-84D0-6D38837FF210	2024-10-09 00:45:16.000
116	1705	th    	0A19C503-97CF-4C21-8E41-29A1A071D55F	2024-02-20 06:01:13.000
116	1831	he    	7D13294B-A448-400B-A799-A55E36B088C0	2024-12-15 18:31:51.000
116	1957	zh-cht	516E19B6-2E76-4F2B-819E-1C62BDD56C47	2024-07-19 00:11:09.000
117	1206	en    	A03D121D-6ED0-4A8C-826D-61AFF56B9C95	2024-02-10 17:29:12.000
117	1473	ar    	FDDB1033-2881-4007-A893-70BCD14578C8	2024-08-02 12:53:57.000
117	1595	fr    	5CC5F074-7375-434F-82D5-8B3515D59ECC	2024-05-22 06:09:59.000
117	1718	th    	C24C1B26-DAC8-47E7-929E-B12D660A5BBD	2024-04-03 09:35:50.000
117	1844	he    	187FBCDD-FB00-422D-AD40-3FC36A23004C	2024-03-20 12:26:26.000
117	1971	zh-cht	22B166F4-4F82-4A96-ABF5-6E2EAE88D044	2024-10-09 00:09:36.000
118	1187	en    	CD6B9F94-4036-4D15-B895-78AFC043610F	2024-06-20 09:14:37.000
118	1457	ar    	E25D5B8B-901D-47E7-A194-747DC3A9AF1F	2024-09-04 17:36:46.000
118	1579	fr    	FEA01E2F-659D-449E-995A-EEE5E8A6DE4B	2024-07-27 11:19:52.000
118	1702	th    	9A7BD81C-FE4A-4ECF-BCDC-0247F4AE12B1	2024-09-06 09:55:57.000
118	1766	he    	7102BB10-B2CE-48DB-860F-1BD7A43567A6	2024-06-19 06:19:46.000
118	1954	zh-cht	BF5C0417-EC42-4B73-854D-7BB1669706EB	2024-09-30 20:15:02.000
119	1215	en    	4FA510C8-4215-4440-AAAD-60B302A74AB5	2024-06-02 23:20:57.000
119	1481	ar    	E0BC99BD-7900-4354-886A-D13B7EF6C564	2024-06-25 18:15:34.000
119	1603	fr    	C74E4566-7676-4D27-BB56-1C91113B7C82	2024-10-02 13:03:13.000
119	1726	th    	8826A7F8-716F-4C0F-864E-87C88CC46430	2024-10-03 01:55:53.000
119	1853	he    	B17CCDFF-DBF1-4B6F-B22C-DB4304947262	2024-03-21 19:02:30.000
119	1979	zh-cht	C84A0415-B0E4-4A7D-A468-7326EDF60861	2024-06-09 01:16:20.000
120	1193	en    	E1DBB7B6-77C1-4A9B-B5C7-993FDEF6A54A	2024-05-14 09:45:45.000
120	1462	ar    	57A4795A-A96F-42D2-8D10-60986582FF89	2024-03-31 22:18:51.000
120	1584	fr    	17D249FD-947F-49D7-82D6-CC50513535D8	2024-05-31 03:22:38.000
120	1707	th    	DB4F9379-21CE-4F2F-B8BE-E149443832BA	2024-08-27 12:08:05.000
120	1833	he    	E18CC6A1-E06B-411F-AA58-F14047F3FB04	2024-11-12 01:00:15.000
120	1959	zh-cht	39009CA4-E4BF-4F33-A50A-65F0040193EF	2024-04-19 06:47:56.000
121	1188	en    	2B49B656-FAD7-4E83-8EB7-53AEEC8EAC32	2024-12-05 13:28:43.000
121	1458	ar    	CC91E45D-A232-4151-89A1-E71CD99BB856	2024-05-07 09:26:35.000
121	1580	fr    	C260485D-079B-407A-B032-9D698C565EB8	2024-02-18 17:35:16.000
121	1703	th    	9639AAB3-C4BC-4923-81CE-1F693D97B075	2024-12-24 13:33:26.000
121	1767	he    	A87FF442-0172-49EC-AB1B-11FA66FF9C77	2024-09-20 17:12:30.000
121	1955	zh-cht	55CB287D-BAFC-4311-ABEB-2EC424F5515E	2024-02-19 11:58:51.000
122	1201	en    	99B03BAE-5179-46FC-874D-7E3CBFD2DD91	2024-07-15 14:12:43.000
122	1469	ar    	0990F49D-7D82-4A31-B318-70561EC80B16	2024-09-25 04:57:55.000
122	1591	fr    	C27F389E-85DB-41B1-9BA5-D3CF92886B29	2024-04-12 20:53:10.000
122	1714	th    	6055DB3C-09DA-4F45-885C-6A61D227DEBD	2024-10-10 03:50:01.000
122	1840	he    	2B1456A1-FA90-4FFD-B139-4A3EC922A49D	2024-05-14 06:30:14.000
122	1967	zh-cht	08148BD8-E6B8-481E-86DC-B92D2D987A62	2024-02-06 09:02:27.000
123	1981	en    	70DA4AE2-DF4C-4781-96EB-876AE40561D9	2024-04-24 13:33:35.000
123	1982	ar    	7135F048-58FE-47FC-8894-42F40944F330	2024-08-18 04:04:05.000
123	1983	fr    	EEC0C6A9-AE3C-4BDF-9731-EE5F17CD56C3	2024-05-17 17:05:20.000
123	1984	th    	92F3ACD2-5CAB-4226-B878-2C00E5518602	2024-01-27 08:36:51.000
123	1985	he    	5B72D69B-C073-4C57-9780-83BDBBA2C63B	2024-06-14 22:09:22.000
123	1986	zh-cht	87E1EF8C-BA62-41FA-B5A5-5D0CAF73D6CD	2024-06-21 06:15:12.000
124	1987	en    	DA304BE6-93CB-4442-9D56-72E20D670529	2024-06-07 10:28:37.000
124	1988	ar    	C177DD77-66F4-4BFF-B04B-A64A4DBF5CA9	2024-02-08 08:36:48.000
124	1989	fr    	836F8CE8-9219-415A-900E-D211F1E96BAD	2024-10-20 03:59:23.000
124	1990	th    	A3F97AD0-091B-42FE-BB27-BD57A8528593	2024-11-07 10:15:50.000
124	1991	he    	CF93B521-C2A6-4448-9ECF-B90E354841DC	2024-11-10 19:37:55.000
124	1992	zh-cht	A8301041-7B5B-4355-9660-2C2D772E0979	2024-06-05 06:52:17.000
125	1993	en    	04855008-4AB4-40B5-B74E-5824D6EEC11D	2024-10-03 18:05:37.000
125	1994	ar    	ED4B56E1-8809-417F-AB69-B1FDBF64D4FE	2024-09-29 23:32:04.000
125	1995	fr    	3D7B8DB5-736E-402E-940F-4016E6704DD6	2024-04-04 21:44:13.000
125	1996	th    	ADDE643E-E8A4-4B66-8855-C70864E072FF	2024-06-09 01:20:23.000
125	1997	he    	053CAEAE-A620-4C54-98C5-F96469CC9D08	2024-04-13 00:25:38.000
125	1998	zh-cht	3850A957-ADE9-4288-9885-9948D9B06A48	2024-01-07 22:28:00.000
126	1999	en    	75BFE834-CDF9-4AA4-8EC2-AC2365E37F42	2024-04-07 21:42:18.000
126	2000	ar    	9211BCAD-3F10-48EF-9A92-8956559B1D8D	2024-06-02 19:35:31.000
126	2001	fr    	2826C143-B613-49DF-862A-2CAD52E0D7FC	2024-05-11 23:18:26.000
126	2002	th    	5737276E-17C8-4083-BF9C-B33619B55812	2024-08-26 08:26:43.000
126	2003	he    	2B0383C7-11D7-4382-A99C-F74AE2216AC4	2024-12-23 23:50:09.000
126	2004	zh-cht	848266B5-0429-4A02-B73C-9DA4AF795948	2024-01-05 07:58:37.000
127	2005	en    	E4A8A8E8-C521-47A0-9A6C-2057D234740A	2024-10-16 19:15:43.000
127	2006	ar    	E5DFDB85-15DA-4825-81B0-FE1AFFEB5AB0	2024-08-05 14:11:12.000
127	2007	fr    	2625B18D-E7EB-41A2-9B2C-C092E90D089E	2024-06-14 18:27:33.000
127	2008	th    	8AE55590-6AFA-42FB-BBC7-4FBCAAE55642	2024-03-05 13:10:46.000
127	2009	he    	48D98130-5B14-4BCB-A540-B7ADC7AF9E7D	2024-11-28 06:12:01.000
127	2010	zh-cht	71CC9F1D-2EF9-4B16-95ED-29D7701F0F3E	2024-05-02 05:44:08.000
